-- phpMyAdmin SQL Dump
-- version 5.1.1
-- https://www.phpmyadmin.net/
--
-- Servidor: 127.0.0.1
-- Tiempo de generación: 06-06-2022 a las 02:40:10
-- Versión del servidor: 10.4.22-MariaDB
-- Versión de PHP: 8.1.2

SET SQL_MODE = "NO_AUTO_VALUE_ON_ZERO";
START TRANSACTION;
SET time_zone = "+00:00";


/*!40101 SET @OLD_CHARACTER_SET_CLIENT=@@CHARACTER_SET_CLIENT */;
/*!40101 SET @OLD_CHARACTER_SET_RESULTS=@@CHARACTER_SET_RESULTS */;
/*!40101 SET @OLD_COLLATION_CONNECTION=@@COLLATION_CONNECTION */;
/*!40101 SET NAMES utf8mb4 */;

--
-- Base de datos: `mesa_ayuda`
--

-- --------------------------------------------------------

--
-- Estructura de tabla para la tabla `td_ticketdetalle`
--

CREATE TABLE `td_ticketdetalle` (
  `tickd_id` int(11) NOT NULL,
  `tick_id` int(11) NOT NULL,
  `usu_id` int(11) NOT NULL,
  `tickd_descrip` mediumtext COLLATE utf8_spanish_ci NOT NULL,
  `fech_crea` datetime NOT NULL,
  `est` int(11) NOT NULL
) ENGINE=InnoDB DEFAULT CHARSET=utf8 COLLATE=utf8_spanish_ci;

--
-- Volcado de datos para la tabla `td_ticketdetalle`
--

INSERT INTO `td_ticketdetalle` (`tickd_id`, `tick_id`, `usu_id`, `tickd_descrip`, `fech_crea`, `est`) VALUES
(1, 1, 2, 'Te respondo', '2022-06-02 08:49:26', 1),
(2, 1, 1, 'Soy el Usuario respondiendo', '2022-06-02 08:50:02', 1),
(3, 1, 2, 'Para resolver tu problema, reinicia tu equipo', '2022-06-02 08:50:35', 1),
(4, 1, 1, 'Si, con eso se resolvio el problema', '2022-06-02 08:51:02', 1),
(5, 1, 2, 'Gracias por su confirmación, favor de cerrar el ticket', '2022-06-02 08:51:44', 1),
(6, 1, 1, '<p>Hola a todos</p>', '2022-06-05 02:31:48', 1),
(7, 1, 1, '<p>Ahora me sale este error</p><p><img src=\"data:image/png;base64,iVBORw0KGgoAAAANSUhEUgAAATsAAADDCAYAAAD9arYHAAAAAXNSR0IArs4c6QAAAARnQU1BAACxjwv8YQUAAAAJcEhZcwAADsMAAA7DAcdvqGQAADg6SURBVHhe7Z0NdFXlme//B3vvXGTAYD4wgpEQAhjLDSFKFC4lHa9OEWXNiKR1XFQpd0inq1LsoCO2wgE66hTXiHGmS5jBaL2UFsROQYyD15EMBQwaIkMNHyGgmUgkh0iAAe6aW3Pu87z73fvsfbL3+cpJck7y/Fb2Ome/+z3v/sje//0878fz+iAklUlAKX2U0oVVn3oJYyre9E9Gg/9VPEVraxb4UdLoxz31xtY0YHfQWGqP0adOE4SURsQuQSYC5XTxZtFSTqu8xIFT7IBcVC+tALa8gIWnVcKAoAtopOvzMX39eAh9J3FsPGKsC0KfI2IXB8GVK8uDzTtm3fy/D5bj+rvL60ifXlr3Fqppm2Wd4SHU5QQQKJuGcfyj5u0oeu0gf8PC2T/AY2Uj1XfgFLZZYkeUPoTGosNW3gEM26/1JHzq86jxKQi9Dr1whXDYaiN3dOVNwHs3XX938MLSu4M/Ja0rWrXhvQNZc/1vlka25IaXFSKwwY8i/3acLJiMNZxIYvbYxCas9et0ldNG/S7UZc5E9fV6feDCbv1iesuup+VDusbB8IWufxNd/7doqSoCHqG02fQ53vi5ICSGiJ1mIkaVv7/Uv/JLv/+9o7QcWXq3fyGJ3sLiQuBYg7LegDYs3HMK2Tm5as2T5j3aHW1DoDMDY0jAFuZk4OQewwp0pw2tHSORHaXowQDdlONJCGfT8ghZgFWU9BZ9NpEIfkwCuIVfRCR+80kEbzZ+IQjRGfRixw8NP0BDMOQ9ci39v/b7y4vY+tLuabIYl2W6r5E4h0Cb/ip0g27WIhLA+bT4Sfy2UNLvxAoUYmXQiZ0pbqbLxA8NP0B6czeq2zsxfGIJyMojclE9Mx+BdlKk058jkJFt1MuRizqvQGXw5OTZcxhXNFV9X7NgrvE7B7kYk9mJ1gHUQNEXiBUoxMqAF7ui0ofnB1eu3BL0+4PBBVOjils36l/F2mOFeIysvUZ/JYqOrdddRA6ioTkf8zh9ZgB1zSq3J9U1W1CXOZfK8OOus9tR16k3mFxfgqKOw6EGC6FHiBUohEP3wsCE3+Zdxs0eu7D1GwOz60m6QPfJCbpPmujrCRLJJhJHtd5In0YOYSAwoMQuvQQuRBp2Kh4UiAgOLAaE2KWryAnpiYhgepLWYiciJ6QSdC/KiJEUJi3FTkROSCNkxEiKkFZiJyInDABE/PqJtBC7BSJywsBFCR/d2/V0j9f/QsSv10hZsRs7dvxKOjq/XhWEwUeQhNBHQhgM1nddhfqW5mYRwh6QkmInQicI3SELcOsQWk6dOrFVJwlxkDJiJwInCLEhopcY/Sp2+fnjpS5OEBJF3Ny4oBdE/8CWHL2htvzNO03z3/mpToyDP99Uj0ObFuk1D77zcxz66Of4c72aMMkqRxCSiU+F/18Mn2/9kC7fh2Pzx781dmzBIwUFBTLe14U+Fzu25m7MH79FXFZBSDqzSfiqfv97Xw09Y1U33jhutk4XiD5zYzv3PTO/+MGN830/fXv+qfuBX/2kHbN/fDtG6O2KC/vx9JRv4x/0aneexjsn51thKi7sfxZUJn2zpzfjV+O+AbzThG+GhV068Xoh7nycvvz0bZy6X29s3or8O580vsdbjiCkPjUIBmuuugo1zc3Ng3o4W6+L3U/IkvsH/PX8/3OydH79uK244aPvAVWlePBlY/uzJCalDbGIxyJs+ugJ5Owy8rIb+338TInds+/U44bNukwWspKDhoCx+7kE+DuHgJKgfTQGW3RaaP/O8h24liMI6UOwCyfIj6tBV1fNp5+erNHJg4pec2ODweD84Pl9HDuOlh/Nv/N14Jsnn8BXP/6ZJXTxUYAc7MeWbqL4NEoLRmD6j5tw6iQtpsXmxU+nYvyI2/Ek56XFstq+MwtfdS1fENIf3xAV5PQR35Ahb3E1Elcn6U2DhqSK3Z5z58p/u3r8yrH549/LH1e4JX/Kt8mqC3HhwgX9LQG+M4bEzgt2OQtB+zQWyy31gF1XW35xSYXBBInefG4cHGyilzSx49bVzzoy3pv8Pxdxw4Nz9i12A+9qJzfwZ/jdzd/Dpu/odKK5/QJyRkdpVWVebkX7iJtRzr+l8r5/u1nb14z2CwUodWvRVb/JIZvQxtF2XCiYimf1qsXLtfgdbkdFrOUouI6PLMR3ntbrJvGmC0LfM9hELyliZ3YIfuLOrWi//QnDnbQeanrAf3w72ndxfddGPLgrQC5nvSV4//Dux4D5m4jdO57Ena/zbynfj3NQ87oZB53KrNqPnPv1PmkJdUl5EvXNBeQ+G+mqi8vL38bf7c+20k6dNI8lvJy3bYLoUo4gDBBM0Rub/6PqWdX/HueE7+kDnWfiSKdgQRhoBD8h4XsVXV955dNPj32iEwcECYudDO8ShIHDsOvycduyV/SaCkS62xcMvvry/WNCiWlO3GIn1pwgDCaCrwS78Oqnnzbv1glpy1X6Mya0Nff3JHQyB6cgDAp8U3w+lF8z8tqRGdfkfHL+fEf4JKBpQ0xixyKXMfLa3SR0A7byUhAEL3wZPvjKfb7glGuuyfSdP//FR3pDWhHVjR2bPz6ovwqCIPBwjOe/8pUhf3vixIlWnZIWRBS76dOnr6QPaYQQBCEcjqX3/L59+/Ybq6mPp9hJa6sgCFHYTwLyfLoEEXWtsxOhEwQhBm4IdnXdnnFtJs53fvG+TktZuomdCJ0gCLHi8/lGkHX3xxkjR4695pprz58/fy5lOyI7hosNBKHr0wjGHE5KxrkKA5LHMfm5n0cIvqH5o5/jjkc4kobvYd8QVN+YX+C/8caJY42NqYVzbGyMQseCYowf1Ys88IIgwDfWB99K35Avq2+8sfBhnZgyWA0U8Vt1HMFjKurHfQNPmOsfTaXPAozHfuwL3I7pBUa03yfskYFxAft+Ygbv5DJCkYdD2+zpugz13QtnOVYEY5eIxByss+cRjDkI6ROY7gyzbDsvQUhPhj2wE7eV/qFe+xSHl30b7fTNnn6p/md4fzOQv/J7GDdcJWn+Ayc3zMGp42wVzmGr8BV0db26cf4NKTH6ImTZJcN9HUFCsetZ7MPt+Gr7Vuy7kI0bOKLI498IxY/jyCUPGJbgs+/MB0hoOP3p/RdIpIzAns++88do/4mZH/hmRMuRIww7yzEggbqrHU/r/f4K81W0kifupPWf7McFDgGvtxnx7Nzzh5efr4R3Ix6cQt858ooVG0+ETkhzyCW9bcJxvL9sFt5dtlOJnGLC85icVUtpnP4znJnwbeRP+BVOraL1tz4lTdypt7HQ8Q9+SiLJ67Mefvfxmup7t+31l6WAa6vETll1SaEZ9Uo4mlHzoBmCiWHLSLu80SIJU964Ig97RTD2ikjshUQwFgY5w0Zlon3Po7ik102GlU7AsBvn4I7namkJt+bcyXmE8/IyZ2wOubZdKeDaGpZdLzdKsAWXQ66lsoCsOHQkie0XMF7Hj3vy5o/xd2ryHLUl9sjDkSIYxxuRWCIYC4OYYVmm+9oddl0N681uwXlAFuLkaw86LEQfUO4bEqweO/bJJBlW8TMkeVZdZNo/M4Ts2RLTZFqE8psDIVGzJrOJEHnYDa8Ixl4RiZlkRTDm32SPcWnV1ZZsN/c73nRB6Dsunf0P5NxsvOFzHlF1bopLZzowbMJtGKbXHbR24NK1ud23fdFmWIh/9FWnMeLz+ctfOdovgjckEavOaI3lCnsdvTfKQ/pEQ7NlwZW274dRq7YRuz+2RwymRXUHiRR52A2PCMaeEYmZJEUw1kJouL728gUh/bi0+ec4ea3hro47uxMnL+oN//JtHP5iKm5Tbikvti4px9/HGZjbdiJ/AqX9y+/Qbrq9N3dY5XAjB7vBBcOH+7/zemufC57vxvzxvyETc65e70PYmglrzXWsC4IwoAnC/8knJ1bptV6Hxe47JHZmZVmfEt4NJDTptSAIfUl4pOK+IhgM+l++f0yfCJ5vwoQJWf/5n13/RO7sDJ0mCILQd/SRhXdVR0fH5YyMa7NI7O7UaYIgCH2HD+WkQejs/KJWp/QKKhBARkb22S5f150++LJUqiAIQl/SB4KnxK6zs6MjY+S1N5DYiSsrCEL/YMx1kZmVObLp3LlzX+jUpGGNjf0zYMYQ4J/oq1h3giD0JzVdwIu/oE+9nhQssWMmARspQXqLCYLQr5DYnSC3s6qRRE8n9RhH8M5sQ/y+ZawJgiD0DyRE19LHbHYzzwJJqcdzWHbMTdwQLAiCkCKQIPmPAj3umtItLDsrKSmgzA8rCEJKwHqUDAuvm9hxgdOv/q/44v99KYInCEJKkAzBc4Zl12y//J+rnplwnX/isD/QKYIgpDT37cb0Z57TK15UYszGIxhTrFejMHTJEUzf9hktu5Gp0xiv9MTgY6KyNm7BUJ3iBQmefxKQcAABV7Fj/uT456uW3Zgds+BNmjIFf/LQQ3otPVizwI83S/VKGJG2JYdcVC/1o9HPy0NYo1MFIVW4UnUT9s3bjA69buKVnhjr0bpoNPYtqsAVnRKJngiep9gx/6OxddXDo0fGFAJq+bp1ePqVV/DKe+9h9Fj3CMwLZ/8AdbNz9Vr39XSFz8MQLV5+gOrr9YZIlN6Fso7tKKLfFPlfxVM6OWW4/m7UWedEy9K7sVBvElIFbRWxlfVgoU5jbOnbtCXHlt+2FcjLGIG8FXqbtgRDlhovPbDW1D6cZXvzHCZa+/wMJUsqdTphL8dh8RnnNXVJJQveYp0YMySU0Sm96qr5l778cj5lnq+TuvHq7t24ddYs9f1iZyeeffRR/JrEzw6LwnexBWU1bc71QyWouwNozJyGsgza0HkAa9e9hWrOxA/d4mlQkaCt9Kl40z8X4ziNuFi33iiz9CE0Fh1G0WsHKZUtpwpgywtYeNqw1ObZIqzwb3ZlVaLk7AFklxnln9zhxz1ttv2Z2I/HBT6Pee0v4J564/tjWXv0MdiP8xS22UQt/FoYuOXntMkI1GWgrGwkpZ9D3QbjnNT53puvcqOZhJP3ydfL61p6HI86ZlW27VpyOXT5Xgo/b53e2EHlq+upy/FKd+wzdOzG+TchQNdebTOPn1H/80I0mucpuJL5zGfIa1uNhqr1hkDc+iH2LV+mxCuv9SYce4MyFW8hIQGOKsuJxWIpQJZZ6yGjjHD4t5OwzihTwaJ0C87OKw+z5MLTaX1jHlq0hcbHlvXBaOMYokHHXjJms96n1/4YPv4VyD6kzrk+SAlHAXrqYiOiZWdS/+WXW6nQChK7CtrBVp3syfCMDPx1dTX+9OE4Qs4XTEP2HrZy1qMOhfiaso7oQVE3PafTYj14B3GPsoh42U4PzF2R3UAShXnQVtSGAyTGB/CSFplxE+mB5vQdpzCuaCpw+i2U0fq2ZkP8nPuNjYtnjbLXLJiJgHnsO4B5C6h8fpBpncVleFmlsppM69Y1vyIfRSSMnL62Digq5vx0bWYGsJbz0rINc0Nut+u1ZPGfC5jnZAovHc93WZxV2no0TqyIbplmUPmNer/N+Sgx9+uSvmaBbZ87OlFWEbIQh5dlo0HtdztOFkwWVz4uKjE0pwktliiZVCKzeAQyH9SW0YoZUevClCCaFtYsx5R5sXPfLcjMmGGVM5GDeCbEMpw9XkiC51a3aLi8WohLSY/isu5iEjuTRhI6LXpLuoATOjk5kABtUxrdhtaOkcjm57l0MsY173F9u7OlZrhYIQsvEU7u0ULWFsDFzOsSdtXG3WscD1t1hrU2FSUFI1G2WB+naYFpMV1bd05ZUSwCEfMrTmGXFufqmhe0FUvXhsTlMc5Li91qdb2W15eQYJrpIRYWF2J4wVxjn/5Kwxo0sZXvcGOt8oGnXiNr2CyzWzqf0yk0mNvrd5H4Zlv/r4t1u7Slyy8vLb6MukZi1UWmEMPs/ysHF9CyejT2zdNLxPowspaWzMDlTUbehlpzdr4EOL45tE9aYrLqXOhYzr9fRyrDwhnRrV4cjzsbl9iZ8BAO+uESsvJcx65dPH8eP1q4sJsbmzTYUssk94weQmUV6GRPWMjMB5otxS3xWWqxoKxAthoz7YLJrpy2angx3TRP4szPrp8tvyU6cWKKrrHYRIbEy7Qc47Vuhd6mCZc6C5F1H38n18+qs1uPK+0jkD3LVgdmYWwbZn8xKi7gkprNwLAKE6K5HVcmkHWnV50YdW2xtLiGYCtuNVo6R2GoZeEZ5djr99i6I8GLqSkxIbFjjpDQacFzjF37oLYW902Z4ip01e2dGD6xRItBLr42cSQC7YbF4kr9YXJvZrq7VR2fGw8fWzgqgbBZZwtnV1hWClsvAct9i81iOHn2HLJz4mw8IYtkV8c0zFOXvg2BTpuLF5U48ysBj8P1O91ALynz2EI4/yfJJuycuFEGgegvJ+Xqx9jQM2ghMajai6uVuzoHlzbttay3juWbcXnWCsON5cXWWNDxQVPIxVXp69FxCLrRYilwqMnISHC92/RtD5CAsVsZKsc1/VAFjtaOMtbVEnsXFydcZ2eWwfVz6zzrFxX37S6dvq01JuuOhLHnkLI+OnHKlB/ePGXKmGjWnKOhwF6pbqsM5zwljdpSsVfCs6Wh8tgqvZsPoC4zG63r2A3ieintiql0ettxAwW4wtve6GBUlLfeYdtP2DGo9W4NI+7YGyiM32Vjl1lpb9uvVflPuDZQuObPVQ0UDXY3T2NvWLAq//lcva6lo/xQA4Wz8cbW4GC/ZuY14HT7dTLxSrf/r2z7dD1/E7VvaaAYLHRvFImfWIaUJUXsmCJgPu3wUfp6u5GSOjgeeJd1QUg3xlT8EHnf/Eu9ln7s29QU6i7TuRcNiypU40ZPiDafRdLEjiELj4XuUSrUs4tKv2C3DpkolpogCOkJGVzcHWWDXnWQVLFjJtNL5/fAD+krW3mCIAh9iWf/u26BAHpKO3DhLPDPmcCnpKRce+Y+nEIQBCH5XM8WHGnQm8ZqiKSLnUkH8BEJHkco6KSds+B59goSBEFIIqWsPaRBn+h1Ra+JHUM76+SQLLTjQ9pfnmJ8CIIg9CqfhIeDSrifXTwcA3YfARY2rlxZ+WZp7GPZegx3YejNAezc8GEN6YoF7obhj/M3PYdbnxOJ4MLdQ2IK1MDXmc/LcW46qkvSrj9fO4kOI8QGGVfd4nH2idiZ+Fat2jCnHtz92bW1ZOCjx/RGHUmRXqy5Y1qo07Z1bm1YuI7WpdVb6B/Kw4eSae+y75mEqYt3Lp1MB5NfOg4HUKeiZRidTk86OsuGOqI6O8Uy5rbuHVfh6ChroKKa1HPeOKKI2DsqMyq9zZmmsJXjSugY7Z2LGUfnYHv0DxfWLPgBxpztpGM3jtM4J/5mvwa2DsaO60VE7XZjL8d+rN2vsdHJ2RldxsDeudt2Pvz/84rI4nrtwztO2/crCFFxtMz2m9gxJ1avLvX95u8XB2b+xeKiY9vROHFm2ENj72kPx0Nl7xisBOBd/Tt+aMwwT/xwdevVbzy02fohDpWfizeXXodtOq97x+OwB9u+rxgJ7U+LnesxesPHpcYFc37b/h3Hy+kcESXiubhhiBRHTOG89mN1u8Zrz860CRETJvjh10e/rNgKvKfefi3pf+J27WE/D/6/uY8kEYQIbDjCg2qJPnVjwxm/YkV9Qf2ZSl9X873/XPMZu7bGY8IPha4Dcj5MbkSKFuJFfFFE+KFXZYdHBUkGeszqY3HUR3WP1BI5ukjs5NKvukdG8brGfO1UGKlOFrkYxx2TNdctIovHtV+YkxE6V0FIDCtQQL+KnUlZ1WtvzseZSnQF5wLX+asrbq0364A4FJKB8XCYDxzHpwtZKuze6DojXuKwtByw+2QrR5VPwvvdsk5dPj/YRtbkoeu2/IdRQvvo14jA11/Hcwd7kKRr7IXLtR+XFe1FJwgxkTpiZ3JbVVX9bac/X3UVzt8bOM2m53U7ODKKAVkXVlgn+8MWIVrI6c8RyIjRwokURaRTR+rgmHB2y84WZaXncOPFdpyM9XgdRI4uEnMEF3W9dLBPJfLmtY83gkuceFx7Pm4VUJXgIKDxXxdBUHV16s7t1zq7WHj/Gw8tLsKuxWVvt5Wq+ip7o4NZka3rgpzRQgw31f4bewNFzFFETtsq28kFq+soBMy6K3tFfLQGirBj9GpECDU4uOOof+Myrfo+rwYEwr7vaA0UXM+m3FQqYwdwV84u41p6XuOwekyF/VgM1HlxyHtb/aT9XKJd+4t1XKc7WUe3EYS4qD8C3JLyYsewz+27fvbiugrfYqsi3/GgC4IgeENi50sLsTN5f+nKxWXXYDEdtjJLo1lBgiAITNqJHaOsPKOzYMyx5wVBGNyw2PXq2Nje4CzQxhENssmwo9VhtIR1HRYEQXCSRZqRdmJnQoL3b9cB7wSBM7RKXzFKbRAEQehOfdqKHdMOXCLR23ctLeTaXiLhK6DPP9SbBUEQFKQLbSnVzy5RjpOVdxR4jE7o213Aazo5feDuHn0cCcWL0GiRPo4wwq3r/dmhOgVI/rXnrjuxz9LGXYHco+PwjF8R5281uG+3YyaziHBet1nIvNIThCfz4bKuL0bpgBA7ExK8XcdI8HjwLzC1/k37w6Mfpp9ZN1RoUWGMWHCs/HyTmDP1u98wfGOEl5NIGKWI8DH3RrlE+PGb+zCGgMUwF286oa9j6Hz7QMjDxTsGMe/Xa0/3v3NUUi/zRjn2zeN5YfW6iVd6glypuonKuwmnD6H0KzptQMETbkziSAfBYLdW2w/ohvpejfEWtQ/IXzg7Axfpk0cPVKME6Dil0r3gGe+5c6ujk6/G3kHW7Hyr0iY22Qa1zwV2rEdgptkpOZ8eQkqzdU5eWJyNxh0HUMSjCOqNESPGcTchUDbN6LRrRQgJdcB1dHC2Ogkzzo7P8XXd6d5pmaPTzMvqxLiCfJysO4BsOiaYnY3t+7V3/naJejKOrqHZ8fsx/zQ8Rp+xdK42f2N1cKZ91uUEul+b02+hzP9W2P+KzmfpZPrMp7zOqDtPeV6z8M7S5rbu18a74zP/n+4CjplRd6Lld95P7v9vwkonwo9ff/OGjv9e0HHo32vYKiqZZU6a3cT15Ap7+pXa1WioAsZsXIE8dSyFZEk9QJ8X0LL6JrQWkKVmTeCt0yLNA+sJW5c8Vy3ThGPzytGhvrvDc9tOnKBX9OxlA8qys3MUB+sLXqipNKy82AKGBo4FkF2cSyIDtDbqxHihB/q7WXv0GM/1aJxYoaxCfmtv0xNoL5w9U0Vduadej4vdQcLKN6v6jflg5eJrWQH8a30DiYNzKNXwsmw0qLxkBehhVjwpOEcrUWVsaEJRhbYi6l/V5dKyoxNldyTmLq9ZMBMBNdifywHmabd7XGYAa+n4x9Ex7aLP4VlsDdPDw9FK9H63YW7IOi2Ypo9zPT2ExtA0fnEUbTiAiyx++jcRRZgeZrZCjPPaTuJmXGNmeFmhPs7QtfEkgwRhDx/HNBSd3Y66zgyM4XI8rhkPWQOJMKfzmO2LdVvU/8rr2niTjzJ9j6yty4icn+8nfkmq46FjzTSvpTmm2kzXk8nzC0UJl06PxULiQAzNh52CS+5kSfFhNMwbTZbRZljCUrwFk3J3Uhqnr0ageCm5mzx7P61vagKOb9bbtKgpS43XefsZ5H0rRjc3jMxn5uDSarMcYGIUd7ljuc5rO/YBK3Ymf0VWXuPq1ZW/WzxtQ2iolgftDQhk3UXWClkWbQFAPbjxsbC4EMML5mp3yfbmJZ56bTtwr19ZeC9pi9KT60uQfbaBrMA2/CtZAfZxqRfrdukbk8fTslVAwjhxJMZR2Wq/jmFpbHXodOttb2DlpyWyq+wdWebiMT5G+zERESLIuEY9iZM1RWRJNppWyEFsI9PFKqd5j35Z8HheLV6emJFiQlFwDLyvWXcSibpD1ta7xvFXH2qKOL6a7yfoa6wEbs8pa5wzW3xqn/b7LDebrGvb/yIGVHQZ63oaDB0zCh07K3BFr5sMnTUZQyc8oOvVTGsuErYZ/i0LL16eQ9aEEchb0bNyBrzYMb4VK+qv8vsr/yPoq6DVrUaqEyPCBgnL2QwtMonDbpXxxuUl5DYqOski0F8jwTf5uLJKdTOzC2MOiPeGXSpzn7RY40+N2H0qjS1IG+wqmvmju7PsboXyWy6TF5alGmv5qYPXNVOBCfQLwvnCivPahNPxefz3G1t8LtF4WLgSITxQxNW5pvvaHXZdLWvNtOA8yHzmAVxt5mfLL2HYdTX3ScvyZTo9dgaF2JkMf2Hn1seBCh8ttBomeucQoHvXim+XINXtnRg+scTlTc11LOTubHkBLx0rxHftczt0i57Clpp5I/MSzSUzrKQicsHdCLQb58MWUWLEGfUkUgQZLzwj1Ggry+bq2aOh8PZ5ZXSOif/LXOl+zcL+J9aYbI9rY48gQyiL30XUOKQ9znofvPN+ontoZr51bG7ReOz5uWrD7ll4oX4T5sVcbruAzFsNV5EFy2yJvdJ6BkOL78BQve6guR1XcvK6bbvcul59Zt6aqGXXhEudhci6T6+GYba4Rmu9HVRiZ9JIQvd4zQsVvmCwIuhh6SkyTQGyuSm0RHT56l9VdXOmC2e2/K1ZQK5Gh+FiVdfsQYCsNmsyGyuAJ+f/AaqL6ebtsNehHERDc2SxYReZyzSP0RSHpxpPWdZIydkDDqvSzY01Wmm5sj0f86xyyH3acgDZtvwRJ+I5/RZe4roonVedU0R3kjHO0fxNpGus6j9hVhVwPVqY9RwO12NRXnanjXOO3Brrfs2M6oTQOdGiWle9rs1B3MP1ffq+eYytMMvic8ZlNF+urtee7qe19HI07o1KFB3jul7KbL9n6NXd2KyKcNx/j2XtwTYzPRL1h7u9TK9UrUNLjuGu5rVtDrWOvlGOY+0zUGK6pvYuKYfeRQDmNkN8Oj5oQuaDRt6str2WW2wIFLvB2j3duEWJpHv6erRW7cXVuhxeSpao4MNxQUaOwBNz0IXgVttIMiYMatjCtIcGC1+PFbbwSZ0cIbH6H9Xiy40m8brgqU7xFhJG4OiiChE7EwkwIETD3t2FscdNjJ3UFDvG7JrzwOVpmPyTX+vU9INbYEPdVIzuLmwlitiFIVaeIAxM0npsbG9wFqjPokW/BUTwBGGAIGLnAgmeCiOVAzQGaZ2E72ZjiyAI6YqIXQQCJHYkeltF9AQh/RGxiwERPUFIf0Ts4kBETxDSFxG7BBDRE4T0Q8SuB4joCUL6IGKXBEzRywLaSPBUoB1jiyAIqYKIXRIhwZM+eoKQoojYJRkSPNVHT6w8QUgtROx6CbHyBCG1ELHrRUwrLwf4ogsoJOG7Vm8SBKGPEbHrAwLAARK8E0ESOxK8RCMYCoLQA0Ts+giy8E6Q4NWR4PlI8Mp0siAIfYSIXR9CFt4XJHo1mcCnJHgcMHussUUQhN5GxK4f6AA+IsGrJcE7T6sseInNkiIIQsyI2PUTJHidZOXtJtE7RKLHTDE+BEHoDQblhDupxDESvCPAQhK8yJP/9BkcNjyWCXKc8BwGESfhSTPUjPIes1klg1hnxIpOJcZsDE1YM2DhSZPUBEeJo40KIVUoAuZ30UL/mPk6yYGaGKWM57g1SGwehEgkMEcC34j0k5es6QXTHxa7rA9G49gbOmEAo4R9gvG9Y1MM53zfbmOiap793zZ/q1s5LOols0Jz0PKcsw1VempFnd++z0j5UfoQGosOJzop0G4RuxTlb76xZPFf4PjiwG23laq5VHnSafons9h9F1vCBC7SzFcsXuaM8TyRNosYp91FZmUGypRw6vRcupnCZ7TX+/XGQxzNB4Lp3IuGRRW4YpvpiafUMwWlZcwR5OWeQeaEQnTU7sXVs2YAdJO35C5FFuejB6Kl9gzyZtF2l4fIeiB0+YH2GchTDx1PrFyODjqWkjHtuEzlqklYrIeUZ6t3TszSSte2ZMUMp5VkHr+yosxZ8HV+rwmi+Vi+lYPLdE6Zx/eiJYeOCUY5sI5dH5/6AZf9AHBoFJ0nb4tSvuPYw0TB7doba4bAwCZS6jhb0MDr/Ls57bb8xvlmHwor+9YP0dA2ByW5O6OWw+c6CetCv9cY//vVuDRnBYbtdIqdW36DBF7EIVaJG5ui/NXbVRuGTx9VedDv3xB9kuyweWVLJ2NcszHvLE+UnL1HT+y8oQlFFaYrkI8ynjqP0tfWkUXJE2zXv0rrPLs8i5/+TbS3KE/QTA/tvzpuPnoQHyQtNWdvtz1sXmTm0MOxqQmZs3LQQp9Dc/lhHUEP80401AJ5xe04VnsBV4+pVA/WJH7QVPmrESheGnIHM2ZgGAkobzt2PDSx8tBZk3FpNadvRseEW5RI8OTPIPFU5WwiMV1CruChCjSo3xoWh/34hy5Zqh5Mlbb6MLI5vyrdgwmjaJ+8PzqmnfSZkYOrKflK1U3GcRi5bBSS6BvnxeecPSvS3KjLQtfXMdN+nNeez9cULJ7k2vjmzRvl7rPxx1lOx/KQwMVOGxbu6UTZHaEJ02OFvKXdInYpjG/Fq/Xky1b6cLBijv/Vreb8pMNtk2Gb9WRqYmc9Sz7PYn+ykUWKZ7EfGZoMe/E0DFc5GBK0dw0hc5sRPmZys+nJaghzX5fhLAnNxDjqpK4celc9IFdqnSLQ8YHxAHXsrMBl9c0QrqETjAmcjQmV9QaGLJkW/RA5HqjjO7WVxLPLj8LQ4ueQNaEJZ83tb2xGCwwxcqcSmcUkvuZEzeHWnxudh9HB+7QdU2TImvulcb5q5n0l+PES+drzNXEVKyLzWzNwma5zSKjWo3URCa+rleVNeDlDZ63Q/6vY7oeI+dsCuJhpTl4fG1wXznXjInZpQCP9s44CFdyIQatbuZ5OWV20WO6sNat7LsZknkIDzxqvsFlpvPRCvZqbUKqHat46cmP4prXNGp8k2G1TlotaIrl7yYRdS3OftMRgsfYHiVx7divz2lYnYG05CS/HsGL19TKtZ2OTKzHl7/g8rnuYRE41/InYpREseo/XvFCBYNCvk2wcxDZyR8eUliD72C5dd9eG1o6RhosaM8ZvsmP9ScQ3LVsGq9GiLClaPdSCy9qV43odszI7XpTVU3xHdMsqImzhhdxc3PcA8tBuWY+X27TLbLEeV9pHeLqWyWtddYPrzki44mpxDbv2Ghaj6c88p9cYo2wWqO4WnLGtZEkkd9okUjkGQ8eMAtpbYn5BuOZnT+Js7A1ybNXxc8PfRezSkBFvf77qY7/fb3djmepDARTdW4jAodDN8NRr2xGwub2NC6LXdyiX2HR9o+U/3UAiXIivObqqcOU5WxW8cAX3Om15mS4Wpc9pR8txlTl+3ijHsfYZKLH2kYjlyGKwGTDdUq7nsllqV2oPA6Y7pUWmY/lmXLZcLFocohE7SnBU44K+FgmW447XtfeART7D7jpG6XLDDRGURzWwqKoELfAe5RgvAWO9pPiwVa9npBtVEKpqQF9jr/wma4oy0Gi7v6NhWnWMtMamMZOAlfQPdLHy+hjuEjAzgLUDqOtJOhG5BXMAEX/Xk/ojwC36u4hduhOtX15fYe8SU7bpOK76b8P0FqE34BbY8O4lbHENRJpeeASBE/83kb6cG0jsLB9cxG6AkCqiJwipQpCE7igJnl6VsbEDBdukP/wGKzdSBWFQs4qeCauCT8RugEH/3FoRPGGwQ1bdi2TVvaxXFSJ2AxAteDLhjzAoIaGrGQL4OX6kTlJI15MBCtdVcJ0FfbXqLFIXHvPo1tWFx/ga6Y6IKtwqF0MXmmgkHqmFj+uhCMP30gwey5rU7i9hcPnbonRpiZFo/Rm7gBP0kn+xkT51koWI3QCGBI+b3iu16FljKhKCI5to4WmM5UF35PfjzYjzq7Vh4To/inac0usmB3EP/XZt3Tm9nhqsWTAX2GEGXRCiwuNp5yUyFrY7xggL7xEz5KpW0T1fo1cdkAgKg4Hg6tWlXV1di4fg3GIj8glbJ3OhIqrgFLY5IqaY6WaUFE6biYD6rsNMcRCB10DpkxGoC4ueosvGDj/ucUisPQILER5RxaMfVbdILypfAHWZ04yyrHLsxx4W/orF1xwb3HlA9QmErVx1TmWdtuvggesx8uiB0BhdIzILpy2lR08/mDpayL5f5rlHQ6kCJnlESbnCvzW7mTgittyCS7VhUVI4asu3gAD/no/HFvWErSIrfJIqp8lx3AahaCv2/I6oKi5kPnPEPUINzGN3RnHh/EPbjHyMPcyTG9wR2xpxYzsn4zro6C/B8zUb7y+6WyW7IJbdIMG3YkX9VX5/5cX3t1SSYNWvWcDipcfL7gDmabfQsFp0ul+H0lFRVPYY34nqmj22KCz5KKIHjPNb0VNU/u1hQsdoC06VvZ7EambcQUItCugh2RJejmEJGuXzyJG79DGSCC4uRKN5vuF9tUjAHpvYhLXRhI4IBVkIwdFQOAySOaYzqgXjEQ3FPZ0eZg6XZJaNB2zuYCGysU6lO6KkqN9z/tVowWRkssvHkWJ4RIIqh9JzuBxjoL+KmsLip7ZpQYoUWcYVjwg1yqrjYWs6m8UIlU8dD0e7uTWyG22M9+XFGSjCHrlm//1FrhadiYjdIGPE220bgphaWVIwckPZYu1m2mLYmUPFItdltSFg3bynsEtbT9U1LxhWUk4GLnqMX2QLynBtbRZeIlji6xzLu2aB6TqHLLxwsbajIsjEPPojPMiCgTW0LNZ6L69oKG7p992CzIzQ0DjneOImtGhri907y/Kyfm+M5x1WQII8azKgI8uooXI7m8LG/jqJGFnGA7cINZHgfOp4OCRUTl5CY507PiChfPAzlHz/zznOlYid4OQoDtYXkJW3ze/3G1YQLaZbpmLa+fESKpRouNe15SI7ys3vGjKKXMnvKleR98lx83R6siALbV4muaiq/O04qZMjcbH5FC5mZIeEMSoZGBNujeoYePs+uEWJQ2wD5+PAsrqMJRl1X7HQP5Fl4kTXBx4d8ujbbo0SdkTsBjH3A6uCHmNr2UrjhoHsHBItFT4q5HIunD3TCg7qRvWhJly05XfQGTBEiIN+9sSys5iKkgKbtWWG/2FrTiUQYcfv4OwulLEbH9P8BlEiwvCDZwUeDVlVRkBNXecWL2z16GCjPcEZKaYSY+YU4nKrtgRdLKvIkWV0sIHeasFNoPX2SlVkF5YRsRvkHCXB4wgqptsacgP9qh7rJeWiHsQ9Ozphur2qfiusEcHB6bdIQEL5LQtRRUiZhsc4rQJobDayGw0LlMbudMHcUH7dostzbhgBS20TAel87K5aLaNK1HQ6N2BYlqPz+BvDhY2s2bXHCum4orcy24OkmtgjdajoKTpSh+liTd82B5dq7dGE44CsxqO1o2yRTBIMI0VC3HBosnaHjVDrloVI7m0Apqusy6f8PY8sY14bdoNHIG8FlZPkiYFUBJnXP9vq1QJrR1pjBYWMrY0Vo0WZQ913b4AReh0OMWWbx4She7bCjFkXCRE7wYGIXiywJTpZTWj06vefR87XOYC00FtwC2z4xEhsJSqC2Lrx/tEx/QNE7ARXJgGL6eZYTF8jdgcWhP4kVquOkbGxgitngfosWvTbUARPSDm4ce0I8DO9GhURO8ETDo9Dy5s5wBfk2haS8F2rNwlCv8JCx41rejUmROyEqASAAyR4J+gGu5YEL8E+FIKQHBIROkbETogJsvBOkODV0Y3mI8Er08mC0KfQ/cfTin5fr8aFiJ0QMxwfjESvJhP4lASPuwSPNbYIQt8whCw6jsqtV+NCxE6Imw7gIxK8WhK887TKgpeUsRCCEAm26o4k4L6aiNgJCUGC10lW3m4SvUMkeswU40MQeoeeWHWMiJ3QI0j0PiHR+424tkJvwo0S8XQzcUPETkgK4toKvUWira/hiNgJSUNcWyHZJEvoGH1PCkLymQiU0w02ixae1lGmdhTigoSOp0Ncold7jIid0CeI8AnxQELH0yEuiRaQMx5E7IQ+h4TvYbqRH6KvInpCN7pI4FjoYolRFw9SZyf0OWZjBn3tpLetNGYIDkjouOV1k15NGiJ2Qr+gGzNqpTFDMNEWnZ9c1xd1UlIRsRP6FemnJzC6jm5Vb1h0JlS+IPQ/x4BX/nv15oVD6c1Oq58YqckkiZPEJDAhTDrC85G4zy6XXLjVtTfq6MKRBgoh5eCWW7r5uQHjYSNlgMHzKKyYYUw845jd3gMzv9dM+IRzRv1K20z/TTg2r5wsaPf89ln/Dewz9/N8GxXAFj1ZepJht5Vcy6reclvDEbETUhaeD+MPHmmcP7X8GjUfBs9jak0E7ULmM0eQxZ8TgJbaM8ibVagf6tCDbi+D8w9tM/IxTsHojlMYTBFh7EJiFwuCrUCecczKq/f7S85jiBLP3m/tNzy/OcHMzhyUzGl3F0YlhjloUb9xKTMcR347fB634Kw9vfQhNBYdDs0rnCTYbSXxebG3rTk74sYKKQu98bc2vFhUsX/e6Iq981ZvDRQvjTKN4AgSnJ1oqAXyittxrPaCnvV+GYnHaEq/YGSzGKHyqQmuNzUh89bILi7Pum9MGL0aLbYJvjOfeQAgoYx1MumO5WYenltWJXnDE3BHs/yYznZjFv7iO5DdvjmiaCvM/DaGLpmDq2s3OwWwfhfqMj3m3E2QvnJbwxGxE1IeFr2jWF+RN9JXQU9KxMlVOj7Qc7burOj2MLvB+ZSQuEwUHSvm/LAlS1hYw1Az1odbUBqysPJy9qLFLkyR8oej6w6nr5iMQJU+j4IcOoc8su54rldebPO9uuW3eI4s3DNo6WY5R5kYPE5I6Hj4V1I7C8eKiJ2QNmy8b9LWd/4NFV1Qc1zvNlJTACVQo3EUS2NvuDBdyVisNi/0fvfNW6fsJMvqnTAZqDIszYbaUcgzRdgrP+Fq1VmcQ4DnSu8hWuiSMs41EUTshLSDW2678PzCCds+WzX9r9f2QsstkUCLK7u57CobrrNGlRM2mz6nudaZEW7544Et1OM7LVf66twRuNzqXc9p4GXVMbkYk9mJ1h42UPS30DEidkJacgyPfvKbeaP9dAezlfeKkeoBW1EkXNy4MHTWChITp1XTUzKfMV1G2kfxYRyN0IiiWkrncINIIVRXGF42bongPnOjAeV5kH6TMUOdhxJgfU7GfrlBQtcDHqrA0bY51vFMhK6/88pPcJ2jp1V3fQmKOg7jKb2aCKkgdIy0xgoDgpuA2fRQqYXe4ON1ci/h0mo5IOlZ1xP6X7TSx9+S0D1vpPQvInbCgGLRr1rGB79y1WxfMDgbPt9sndxjuAU21HcNqpsKN0oMRC4eOYDDP/5T1am4pNGPe+r1hvjYT+LyPDcu6fV+R8ROGLBIdJX+gSw6FrjnyaLbb6SkBjI2VhiwkIsp0VX6nuf/C9RgfvpLLUTshAENCZ5EV+kjdEPEk+08jCQFEbETBgUkeiq6Sg5ZHPRQcv3NzcYWIRlooev3FtdISNcTYVBhjMZABYldha5bcoW7k/RmVBMeZ5ucLjA8FvazKN1Xepd0EDpGGiiEQU0R8MiXwJLw7iosdlkfRA4MMCBQIzl0BJbwIAZecMdn7vd3fDP2Ll+WFkLHiNgJg56Fb5yePaSr85GWNUWzW2F/+DVWaCV76KQowsAi8q0cXJ5QiMzje9GSMwN5MMrhoVpG9BR75BQu+wHg0CjkqW3RhMceaSUsIowpRkxYCCllsWIz9i03xhA74N85IqsY55t9KKzsWz9EQ9uc+qm5Ozf84/JlG4wNqY+4scKgp/q+62v2//LMkrwlv3pxKEcZmUcW3XGjL50aS6of/qFLlqrQSSpt9WFkL4niOk4YhUurN6Njwgz6HX1m5OBqSjaip7iNWChEXu5OVT5Hbsme5RJYwMKI5KKOZVOTTmNIBFWIKL3NJnQx0d4SOT+PrzUErjKdhI4RsRMEovH1r5/YuOibS0i87g4awSTDonJUIrN4hOpIrIZchVt/bnQeRgdbZmRdOSKbeELW3C8Ni+tK6xkMzdXWWVwsw9njPBTNvT6wYzkJYJhVZ9Qf0jmxSDq2rUfrIhLe0PC3ero2lUdoOVh1U2JdjfsRETtBsLEXqDlKjubvg1/ODgaxhB5uW8w1di21xZSI1dRHKEFTkU1YmKMHFQjF6fsQWd75N7DQ0bVJK2vOjoidILjw/pN5J37zazUj/d1Gy+36rVfaR3i6lslrXXUjkRZXtso4yOgoDLUdkwpaEPM8HJUYvfGz1pIllT9ka46uRdpZc3ZE7AQhCmZ3lS+W/7Li0tdWbDUjiiQ6eY8RJYUbF3Tkk2RMAmSho6SohRsX1kVuXVUhpcz8c3BptSO4wX5fMPjDX1StT4mB/D1FWmMFIU4mAYvpwVlMX/tg7q3osFU5Cesizs8RL+SypuT41p4gYicICfC/fn26tKuri0TPx6LX53ALbHj3Eo5XlwyCQTw/xNf1t/847wYO0TRgELEThB6QalZeTyBrLqXizyUbGRsrCD3gLFCfRYu2GtJZ8PYPgZqRf6NeH3CIZScISYIn96YHahYtHD8vbWLoDcT6OTdE7AShF0gj9/b5r5DrethwYQc00vVEEHoBspJUJ1z6mkKdcB399U6QGC8ht/WHg0HoGLHsBKGXSTUrj0S4ho7nxb6ekb+/EbEThD5g0p/8S+n0Wz9cvP9Hj5Po2SOWhCKfqLBSbXtx9Sxj3C1HMuGJt0s4OIAesxqtTx1vz8s9g8wJheioNcqCiogCI2LLiOCLaPpV1cYn/7LPZ+Tvb0TsBKEP4UaM7KcbZw3dXFTeehjlZsgkFjMVfilHh2TiEFFLyB1e1II8a9pGIwzUlUXeUziy2PHctQ07c1DCA/s30T6p/N8uX3biKqCq0QhyMCiROjtB6EOOAbt/+2TRqncO4+vTt/7712//s/H+ri7s1pvRsVMHF+BQUyrQAEcx0eNbi+9AdvuHnkJncuXQu6qMK+bE10HU0IO+ZDALHSNiJwj9xMb5N+x++f4xq6p/tOzr5GJVUJJrmPiOD86oAARDZ+UgoENAxUpQCZyPGyIGVf2cGyJ2gpACcLCB3y4fXeELusyN8caHuFz8APJy2434eBbRoqEE/UffKF8yGOvn3BCxE4QU4te/NiKskOD5dRJBrmx7Ia5uM9zTWODf/6JqQ1rMDdFXSAOFIKQoRcD8Llp8qJwfrWHCDgsdCaYIXRgidoKQ4nzn9daVX/xijJ9nOuO4c26QKO72BYO81HJdoE4WbIjYCUIaELLyMF8nWYglJwjCgOQm4HlagrxMApbqZCEiwP8HbPJQF+YNvjMAAAAASUVORK5CYII=\" alt=\"\"></p><p>Ya me quiero ir a dormir</p>', '2022-06-05 02:37:35', 1),
(8, 1, 1, '<p>Alguna novedad, con mi problemática???</p>', '2022-06-05 02:44:04', 1),
(9, 1, 2, '<p>Si, ya hay una posible solución a tu problemática.</p><p>Te pedimos nos brindes unos minutos para terminar de preparar las soluciones.</p>', '2022-06-05 02:46:33', 1),
(10, 9, 2, '<p>Hola Juan, me alegra que te pongas en contacto con nosotros.</p><p>Entendemos la problemática por la que estas pasando, pero crees que seria posible que nos mandes una foto del suceso para entender mejor el problema y saber como apoyarte.</p>', '2022-06-05 02:51:49', 1),
(11, 9, 3, '<p>Si claro, gracias por la pronta respuesta.</p><p><img src=\"data:image/png;base64,iVBORw0KGgoAAAANSUhEUgAAAQsAAAG3CAYAAACjXXBcAAAAAXNSR0IArs4c6QAAAARnQU1BAACxjwv8YQUAAAAJcEhZcwAADsMAAA7DAcdvqGQAADNgSURBVHhe7d0LXFRlwj/w3wwIKKCoqIh4wSsqmFq0XkvdNHSjzDVTU7eorLTV/beb7Wrb7uubbbm1b2ubbbZZm6autmbieskSk9QKN1Ipr4kpKSrqyHW4/5/nmTMwIJcHZIAZft8+T5zznDPDgJzfPJdz5pj87vp9MYiIqmE2vhIRVYlhQURaGBZEpIVhQURaGBZEpIVhQURaGBZEpIVhQURaGBZEpIVncBKK8nJQbE0HCguA4iKjlqgstiyaOBUUmWlAQR6DgqrEsGjqZIvCBbE5XP8YFk1ccUG+seQ6ZFCYbItUjxgWTZ7rvUczKBoGw4KItDAsiEhLjaZO+4QE4lhKmrHWOHVpH4A5dw/FyIhuGNC9o6r74YIFW744guWb9+PMRYuqS1m3ECFTX1DLjUFEaBDWLpqulqctWYPDyalq2dkKr5w1lurWgF5dcNfIQbhtUJhalg6dOIM9iUexJT5RLZNr0WpZeHl6YPJtEQgObGXUNE4vPToe2/4UA5Po1D7+6ofwj35OlSf+uhHp2Va17cVHxqt9W/n6qK+NwV1DwrDu2en47T+2qiKXZdi5qienjMOOv/0WAf6+WLLyI/Sd/LQqclnWrX9xHubeN9bYm1xFtS0LGRR3D+uHy+nZiPvme6O28dm3bA4OnTqvQqIyMiBkYFgyc8TBGKqCpKE98NNBKuTG/25lSWtCtjLk63zmrW14/9NEVecsdd2y+JcIggC/Fnj0+X/gTGrFrdAuQYF469lHcDUjC1N/95pRS41dlS2LwJYtVFCcTr3aqINCHmyym1FVUEjXsqzqoLyWlWvUNCzZXVo4fXSZoJDksqyT2564e4hR2/jJFoUMijuffLHSoJDkNrlPa9HKkI+5cWOxffs7SFxkrDrJ3NdeR/aah20ri15A9vZnMNe2Vn8COuOZ6M6wdbDrV6VhYQ+Kw+Ld+sDxFKO28ZFjFHcN6YvXP9pv1FRMjlFkxC5WX2WzXwZHQ/r7r+7FjDsGYdi85RWOT8g6uW3mHYPxxvx7jdrGS45LLHp4ompRlLd0/nTV4ihP7vvk/eNKxjTI5s017+DcaxV3024e3A44n4bzxnp9qjAs7EGxN+l0ox/QlO++sqle3cEvBzPtYxiyNOTgpgwKOfhqa+VU/rrtLaGbenRs9IERfdtgrNr6eYUtitWifvV/PjfWSsl9N+/5Wj2WdLTBze0z8MmBHGO9fl0XFnLG487IPti877tGHxRS1w6tEbv/iLHmGuQ4hWw16LRu7IEhWyGNmZz1iBUHfkVaia6JJTPbWCtLPkY+ts7JbsLed0qLvftgN+UZnHPYXvJOXu5xlb3D2w2QXRP7/uW/RzWvQbYgSrapLo2tOzWzq+htDJ4u6l/H9inGzlJoW/S4eBn/VSttMHtqf9wbKrolUwfjJVGeuaW5UW9bf2lqL9ys9rVrjnuj7dtEGdPGqBdk96bkcYMxO9Sod3i+68Lilj6d4d/CG5NvH4DHo4fUqMRE3WI8S/0ZEd6twma8jm/ffspYatx0QqWhya5EZdOhtw0OU6Ui8jF13g2RB+mEVtjz14fQYrgsa7CnzYjSA18GxXzxeku2f45Dti14sz+wStWJsvW8OGhH401j23X8wxCNTbZ9/3oUlq4jSsdNqnsNYvvMNkfxtPG9no6Xb8w7ERX1EFb9AFi+XiPq5yJqvW13daCH++P75CvGuuSNIeHAe+u+xjPbLwE9+4qDui3+K9fXHcEXWf64QwWIJIOiL3qfPyK2Gdt9uxmhILaNbIerX8p6WU4bgSSIgIJRf11YHDh2FhnZufho77f4e+wXNSortx8wnqV+1WYaVD5Gjnc0FrK18btpo1SZPmagUUu18Wb/juJg2+RwoImDMF4c+L0GqwHJNyeK4Cqz/W1E/XKnWnps+kI8ppaEJd/jGFqhq+O7u6OMo1hiPA7rX0KsOMg7BNnCoLrXoPi3wgBj8fUlb+N1Y7lCAYHojUuITTbWlVx8EX/WNn5hScPxLODKyRTjQM/BF+dz0aalERby8b6OXZgcfJiUgR6hpa2L1m3twXIF/7V/n+QTWGEsXxcWsuuxI+EYxt/aR3VJGjvZqhjQPchY0ycfU9sWSV2TQTH3nqEwmUyqzBw7WNW5ktq2EKpqkdTOWHQVf/8XUo2D2O7ENVjUwVnJdrsy3ZMR6GOrraHqXoOwZKFouQAz1fcp192oQMeeLasZ2MzBGREWVy9XMp7R2kd0KPwxxaGr8dJP/AFfX3SUwRF7BMc7ypaJqHfsnjh0XSoc4ExLz1ZjFsNFE7+xB0b84WR1zkRNyRkU+djGoGuHADX1+8KaOFXk65J1rkSemVmbgUr5GPnYurMTP4iWuv0dvoyMa6K7UcV21T1phVijayC7J8eMTTVT3WswyMCQ3+evImjnVxUYbRDdEzh+8gYGNq9acSXrEl5V3QyHEmu0TFRg2OrWo5sRGLauS7skW32FYSHJwNjw2WFEdO+IW3qHGLWNj5wylecr1KQrIrsf08U7d3XTraRPDlTeLQ58ecKVLrmvfMyqCmZKbsRj38qxhokOB99YbI8RXY8TX6um/vXbH8Z2OZbQqxUCHA/mRT1q2bKo/jXMfe2F0m3r03DBWKyQGtg8jw9tVyrUjuymoB1mlYxhOGqD2Q6tiXPp9vOQmqOdby4uXbWtVRoWUkZOrmphdAtqjVE3dTdqGxd5rYecOn3jV/pTi2/+v0lYIx5jv06EbpzsSvztXx9jxaJyMwLCkrc3qVKePItTPqaqE7hqRTXxr+G2+fbuxHQMOLEGwfbxheu2j0AH2WVYEoc9CMOf7d2Q/qJbbntEzVXzGl4XPWDH74+tpYOZj20SLS2H2ZCbQ8sPbNaGbDmcxlU1CFraFbENcObgkq9oTRh1v+qYjld3ye93BbEngSFRtnqtC8nsp3ynXcvC7oOnjNrGRV6E1aV9K0xY+E6lsweyRSHPcZBncMqLtRqKPDlMnudhf53yDFS5LLsgkjx3RLaU5OneklyWJ5M54/R0Z5zu3cq3OWYvebvSEJAtChkq17JycP9vlxm1VCE5pRnlg0/WnSidoWggbnPVqTyg5EEmBwZXf5Ko+v2fJ51W2+S1FvLCrDn3DFMtCnlQNuR0pAwH+TrtXSfZwpHnUthbOvL1ytaP/Gr3p7W28Yy65oyrTuUp3PLMzI8++6/qnhw+afseET07qzGKe26/WbUo/rb+Y1VPlet4S3/Mwim81EAnYjlyu0/3lgeYPIFJDnraDzY56yHDQ4ZIY5kBaSyceYm6DIaKLlGXYxR13vUgp3O7sKCacVZYkPupcoCTiMiOYUFEWhgWTZ7rfVY2+80Ng2HRxJk8mxlLrkPGGwOj/jEsmjqflsaCa+G9Q+ofw6KJM3s1h8kvEPD0Ekcg/xyocpw6JSItfCshIi0MCyLSwrAgIi0m7/53NtiYxYgJk40lImrsGjwsPln6iLFGRI0ZuyFEpIVhQURaGBZEpIVhQURaGBZEpIVhQURaGBZEpIVhQURaGBZEpIVhQURaGBZEpIVhQURaGBZEpIVhQURaGBZEpIVhQURaTO2HTCp+6/lf4+6fDjOqqrb503149NlXcC0jy6ipPX74DZHrMH321cHiPQmH8Pzy1UZV1Z6dMwM3hfXAffP+x6ipPYYFkeswFQs+4VHGqh5r0nbU9DEVYVgQuQ4VFsZyjTAsiJqW68JCJwTYsiBqehgWTdAHZ4FnDwPnrUZFA/AQZXxH4O1bxd+cXKFGj1OnTdDrJ4HjGUB6fsOVq6KsOQOs/cF4UdToMSyaoLwioMFuFlNOWp6xQI0ew4KItDAsiEgLw4IUswnwdCjlySrH7fZd5ONaN6u6+HuW7k+uy+VnQwoLC3H6hzNI+O9BpKT8iGvpGfDz9UWXzp0waGAEevfqAbPZlomWa+lY9f56XLhwSa1Xx9PTA7dG3owJUT81asqyXLuG5W++g+ysHAQEtET0XVHoI75feYWFRdi9Zy/idn9u1DgQR1FLfz/06tkDw4ZEokOHdsYGICcnB0tefNVY03P/lImI6N/XWKvY8E+BfWnGiuAtfj1RHYGJnYwK4Q9JwJlsY0WIbAPEhJbOXPzjlO05OvgAfx1kq6vM91nAYvF81iKjwsHSm4Cnw4wVatTU6d63RQ4wVqsPi8Z0undWVjY2b9mODz/aipRz55GZkYncvDx4eTUTB6A/goODEDXup5h630T4+rbA+dQLmD3n1zh2/KTxDFXz8fbG1PvvxcIFvzJqykr69ijun/Eo8vPz1fP/8dkFuPuuO2EylX0fLSgowBtvvovX3viHUVNK7itfb+uAAPTu3QPzn5yN8H5hqv6aCLfI4eOMPfX89ZUlGH9nxeFmVz4s/MQ7/6/7AH8MNyqEwTuARIuxIkzpDLwdKfYVLQXpwa+A95KBnn7A8Z/Z6ipz4AowJg7IKDAqHNQ0LDZuF09UhyZFjTaWqDpmedDH7tpvrNpaDVUVGRSPLHrZ2LvhyBbFto8/xf+99iYOHv4WaWmXYc3NhWwo5ebm4ZJYP3T4O7z97vtYt2GTOGALjUfWnY0f/UcFhZSdnYNdouVw7vwFta7L/npTL1zE3r1fYuHvlyDlx3PGVqLGwyyvHpWBIVsUOkXuWxdXnN6oK1cs+Mury2GxXFMHnJ23aA34iXd5SdZfvnwF23Z8IgJFtIPrkGzVrFv/obFm+15ffHlAdHEuGjU1V1hUhOMnvsfn+75UYegK5DTskXTgmCiXy02Dnsq0bTst/lyKGstcbVNmSUbClwlIOH7ZqKgZk3f/Oxvsn/FGuiE7P/0Mc+c/Y6wBI0cMUU34fn37qMG0V/76Bv656l/qIG7V0h9PPzUXkybeZdvZIFsDsuXx2nJb96BDh/b4+2t/Rv9+ok1ejU8+3YM58xcYa6UW/PpJPDBtMpr7iM68oaJuyPbN61Sw5YrW0JZtO/H3t/6p9pNaB7TCrh0fqq5NeXPn/1b87LvVsp+fL76M345mzYy+gaa67IbY/3haeAB/6C9+fofhkrCtIkQyjJVKcMyi/hz7xz2Y8aZotba4D8t3LkCkl7FBk8vOhpw5+6OxBNHn98KQW29G75494GE2w8PDA7944H48Nf9xzHpgCkaPGoG2bdsYe984eVC/+MoyY60sGVBpl6pP7uBOHdFJlO7du+HeeyZgzOiRxhbgarnWEtENy0vAR6vOIXjkcERkb8CGuGpSvAIuGxaytWCXl5eHHTvjsGHjZuzd/xUSDx5GekYGfi5aEs/85pd4YfEi3D5S78N9dBw7/j3OGmElByLtsy1Smuj2HD1+Uvtgl10POb5y5fJVo8bWYig/SEp0IzLiREBkB+OexxdgfAQQt3UXyr+lXf5yNX7/5BSMiRyOqAcWYOWB0j0uf/K864ZFeP8wNUVqJwcz//eFV/D4k7/B/3v69/jj/y5VTfv4vV8gI1N0nuuInAZdu35jSRi0aNEcfXr3QIDoOkhyrOGdf65FkQiBqmzc9B+s//dHWPuvjWr/xG8OGVugZnBq2rUgqlwG9u6OAyJmIKp3MKLuHy36oR9h11ljs5SxF28s3ofQ6Kfx0t+W4uE+p/HGE09jg32fnDTXDYtuXbsg+mfj1LSjo7y8fJw7l4qE/34jugTrsOTF/0Pslh3IyKibwLh85Qr27hMddkPHoCA88tAMDB5YOv18KOlbnE2pekZDhtmzf/gTFi95WbWKZAtDatWqJSZPukuEhadap7Lk1Gldlibh7Has/wQYfu8YBItV/2HjEYXDWL3jmG275D8cz25+Fff9JAxh/SJx3+MPYLjY55xD88Nlw8Lb2wsPP/QAHpo1DT1Ev9/T8/qDSx6Ap384i/fX/RvfHKqb2ZCdn+zGtfR0tWw2mxDSqSNG3z5CvIauqk6SgSVbNTUlgyLmF9PV2Au7IVRXju1YLQ774Rge4YUMSwYyCvtg+ATg3KqPkGCfwbq4HQuiZPfjCTwxNwYzfrsBycYmO5cNC3kwdQ7pJAJjBpa+8Bz+/Kc/4Ne/ekINaMrBQj8/P7Wf7C4knz6Dw98eKTknorZk6+STXXvULIpkMpnVORKyTo47OM6AfCxCxWrNNdauF9i2tbFkE9i2DR6NmYnpU3+uxiyoYvIkqrosbq/wMLavkq3cvVh63xiMGSvLPfj9VlGVvQFxB2xpcWzrG4hr/gRWbl6N1e+JsuQ+OJzQq7hsWGzctAWL/vAClr7yGmK3fqymPWVQ/HLuo1j83DN4YfFCY0/b7MXFi2nq3IgbIQNHnilqH4+QX+Vg6ksvL1OBkZtXGg5ZWVlY+e4aY+16b69Yhq5dOxtrIogyM+EvQkKW+lZQDFjLndbh69BQk9d/yNO8mzl8SE1h1UMy1EjkHdiG9eLPfvRzH2HXzl2l5T9LcV8LYEPsLsh5Ea/mcsIgA+n2P+FssWws2rlsWFy+alGnecvy/tp/41NxsOblF6hZkvbtApGTU/ZjoOS7/o0MGuaL596+Yxd+/PG8UWNrtVitVly+chWZmVkiPEpnQOS2LSLEKhParQteffl5Yw2qhbLi7feQ+M1ho6b+yKC4KP5I8h0C4P8GAUPbAu28xbu5eIv5dZjtGhK7S2J/+dPKuoEBwABR2pc2rJS+LW3beou/Qxk4VN8ysGvTBuS1uA/33RkM/wD/0tJ+NMb/3Av4ZD22nxV/j9HPIMZ/PeaMj8KMB2Yg5p0DxnOUctmwuHmQbUBRzj7I7sXKf67BlOkPY8aDT+BnE6fjmUWL1XZJzlh07typwpOcdF24eFGdhm0/cUp2g+TgatniVWYa9dLly/gq4Wtj7XrdQ7uqbofdj+dS1Qla8pqQ+nZO9Kx+cGh43dIG2HeHCJGJ4t1nuAgD22SPIj9l68g123IX8StNvBPYL/Z9MNRWZ/fhCNu294eIlgo/Oq8B+CPqTwlI+KziE7Ai5u1FQsJK3CcbuC0i8MT7e7F3ywa88c5qrHz+VaxOSMD8gbZ920a/6pyw0DzF4Ib0C+uDCVF3lAxs2scmvjqQiBMnT6k6SW4f+pNbEHmz8VPXguxuxH/+Bb49Ujp6HBTUHr97en6ZIs/e7NO7Z0lgyAvb3nmv8mlU2dq5f/I9qiVk9/7aD9TP4NhKqQ97LgErvi9tMVREvqRUESrPicZPammPq15VNKNxI4XK8vIXrY5Kzux0SljIgXxnB4acDZkz+0GMvn042rQOKPOOLsl3/paiS3L7yKF4+MEH0Ktnd2NLzaWnZ+C7I8dxVXR9JPncD82cqk7rdixyzGT6/ZNKxh3kbEyK6LYkJ59R6xUJFa2Lxx6ZBW/RKrH7nyUvq+5NfcoRXRF52fmLR0QrIc3W0sgWjSh57Uem+HpWtDo+E4Hy9EFgi+iJyXqpUPw7y4CpqsjP2+QQh+vz8Gzf84/Gcp0ymWRaVN1R7dKrH2aNHWys1Yw8YFuLkJCfWdGmdWs1gxDQqqWq696tC8L798XPxo/Fg+Kg7hvW23hUWTLQ5IxFi+bN0b9fGAaE98NPbh0Mf3/bTIpdumghyKAI6tBe7Rfevw/mPh5T4XRt1y4h6urXHt1D1b5ybCKwXVu0adMavi1aqDpZxowaoQJOPoefXwvVhelpPKZb184YJUJQfp5GefIzNDq0a2d7nv5hKgzLB2V1VibbDv7y5NjFF5dFWIhyUnQ15HUd31wF4kRIrBf92uUngHgRJPagkOS/sgwDGSSVFfmYb0W3paLG0tggYHhpw6paR06eNpbqRt+e5fpOVCmnXUhWLP4zVRMWdXUrANnMl1efXrh4SQ00yhZFYNu2aFtuepJsyl9I1pB4IZnrcEo3RKouKOqSfGeV79yyBRF5yyA1bsCgIKpbTgsLInIvDAsi0sKwaIK8xL96YzlHKrCGH8BCDUeFhTxHwSSKWZUieFRSbNtt+8rHkGua0xPo5Qe0bNZwRd4iYHpXYGoX40VRo2fy7jdOHP21fJ+RgVHbxwq8MTKR61BTp82KCtC/IAfBKEQb0YLwRbG6y7UjeZJzhmi8WkxmnBcNkmMezZHjId4ebgDDgsh1mPp2H1q8OuUgbiqw2gLC3lKwfy3f3RDrMjhOenhhZqcIHPat/WdbMiyIXIf5V5e+x+C8bHV6nTy5SX5sXIEsBYW2IurVuihyW7HYxyTqwvKt+GVa+Y/HICJ3Ze4tgkJ+lIFsP8i2hFl1QUTp3Qsevi1sg5tmk6qT2yT5f3nGb48824fAEJH7M3cszFdTIvYgMJnNKjRMMTEwffYZTEOHipaEaE3IOrWHbV/5mE7isUTUNJibiZaDPQTUV/tYRVYWcPPNwO7dwMqVQMeOqtoxNHyKy328EhG5rcpPyrIPbMpLpwMDAfunTIkwMbaUhAYRuT9zgcN5EioE7CHRsiVw8iQQFQXcfTdwxvaZDI4nY+WaKs8aInIv5gsezdRgpbygXJKzHTIOit9/H8XDh6N4xw4UG60Je0zIr/Ix5z14bwuipsL8fbMWqi9iCwATCu3l4CEUXryEQhEI8tOQ7PVyHxks8jHJzZrL5yCiJsD8WmAojnt6w1NEgJwelV9VEQ0N9bWwoLROFPs+P3h44Y223YynISJ3p0739su3IjLHgs5FBWgjQsLfwwxPs7nM+EShWE4XXZSrxSacE+2K/zZvhatetf+0bIlncBK5jusuJFPx4LDuSF5tWoZcr2RfHQwLItdhVge7OOhtl6gXwVOWokJ4iFaEY1F1YpvcR16mfqNBQUSuxTb3KQ56OeNRZDKj0ChFar20lNbbtjEoiJoWnihBRFoYFkSkhWFBRFqcFhbyJkNE5D6cdkcy2yRs1YOgcup08UM/NdaIqDFz3u0LNWZWeZ4FkfPsO5KMPh3bG2s3zgndEHmbAM6sErkbJ4SFiUFB5IY4G0JEWhgWRKSFYUFEWpwSFnKAk4jci1PCQg5wMjCI3IvTuiEmE9OCyJ04LSwYFUTuxXkti2pO9SYi1+K0sCAi98KwICItDAsi0lJhWLTy98WXH7wOa9J2VeSyrCOipqvCsLgprAcs6VnwCY9SRS53De5gbCWipkiFhWw1PDtnRkkgDAjrjsPHTqllSS7fdusAtTygT3fMnTGRLQ2iJkZ9+M2fFzyGVi19cVvkTaryWkYmpsxbjB/OXVDrMkR2vLNU1UuypXHo6Pd4eumbar22+OE3RM5T1x9+Y+o9dlaxDIKwO3+hKmQwWEQoXMvIUuuO5DZ7gBzd8U/MfvYV7Ek4pNZrg2FB5Dx1/klZv5x5rzjgDxqrUGFgD4rbIgeoYmcPCin+wCHcPWaYsdZYnMOyFd8gxCiP7rtagzoiqor5tVUfqu7HoiceMKps5AzIoidm4MkZE9WyI7mvHLuQj21ULllx2FiUtlly9OtqxIITXyUg4aTFWK9OAVK/S0SKrRdXNUsyEo+mGStEjYdZthZ+MnkO7v7pMBUAUvSYoThz7iLujFmAKfMXqzEKewtD7jNz4jiMe2hBmZZG05KML7Zvw7Yvko31apzbifUfxGL97ur3T9yyCrHrN2N/nlFB1EiUTJ228vczluQAZxZa+pXOdtgHNu3KrzdW4wOaG0uldOvqVPBYTJkcjSmjQo2Kyg26ayaip9yNoV5GBVEjUTLAufqjnXh++Wqj2tYN+eHHCypEAlr6itbHXGML1DTrjHvG4s4bbF247gBnIlYtjkVy92g8N2MQcDEOK95LQOthE+CT9DEOXxRh2iIEQ6fEYHSI3D8JG1/eirRbYjB7VKBYL0Dy52uxbd9ZpFkL4BkYipETpmFkN0+k7V6BlQcCMeE3kxAuH5p5AnGbdiLhTBqsRZ4I7DYUYyeORq/SbCeqkNMGOB2DQpLh8LfVm7DkjdVlgkKS+8oBTvnYxqWBBjgLrLBmW3Hk8z3I7zkSY4f1gk92CuI/3g+r2iEfWWK7VQSDlLJ9OVbtSkZBl6EYHzUaEV7nsX9PIuQISIFVPleWeIRQlIJt765F/OkCdB4yHuOHhYmXHo+1725DSpHcgaj+mDfv2ldyfoXkeKamnBa1T43Kk7Act428ZUATHuCsWOgdczBpTCQix4hWQhdRkWlRAVBWkghaCzzDJmHe1NGIvHUkomMWYMGsSAQYe5RIikfCFU/0nTgP09TzTsKcCX3heSUBcd8Y+xDVE7MMgy279mPHyqXq3In1y55TXx2DQS5/LLoqsrsit7215NfqMU13gLN6npVdonfuLC6JVkHn7qqTYVPJvqnnLon/d0a3frZ1JbynqAGuXky1rRPVE/Vn+r/LV0G2MOQYhK378WGZLoZclq0IeeKWGqf48YJ6TGPXaAY4HbUJgBxuOH+u+pmRoMDW4v/nkXratq6cS4XsNPm1vK4dQuRUKizk7MfrqzeVtBT2fHUIEcY0qiSX5VSqJPeRYxYVneHZ4Np1x1uzByLFKG8NEwebbl198RmEW3v7wHooFhu+SYHFkoojW1dh1e4UYwcH4YPQy8eKxK2xOJIqujSpRxC7MQEWn164dbCPsRNR/aiwASwDQc6A2C9Rl8s3clp3/WmgAc4a8UH4lOkYGWTFkc0rsWzZCmz4+jxyivJhG/504BOOadNHIsiaiA0rlonXvAGJ1iCMnD4N4cwKqmdOu4u6jjqfOr10Co9+mI5txipC2iMl0qpXNyHYWKlH1kxYrCITWvrBp7IxDoM13QKrCJqAlkwJ0uMCd1EnbT5+CAioPigkn5YBDApqUG4dFo1ygJPIRblXN4SISrhMN6SYtxkicitOCwveYojIvTivZVHMuCByJ04IC9EBET0QeSd1InIfTggLE4OCyA05rRtCRO6FYUFEWhgWRKTFKWEhBziJyL04JSzkACcDg8i9OK0bYjIxLYjcidPCglFB5F6c17LgCd9EbsVpYUFE7oVhQURaGBZEpKUkLGbccwdS931Q8iG9juXPCx4z9iKipqokLJ6dM1PdM8QnPKpMkQJa+WHF80+pZSJqmkrColunDpXeYezRRa/AZDIxMIiaMO0xC9cIDFe4bwiRa9IKC3lTZKnRB0ZD3BjZmoIjXyUgQZZvTsCSZ9Q3ApaT4jUdSjHu5F7XrEg5ZPzcFZSkFPldC5D6XSJSMm2PqIo1JUk8Tvz+jHVqfKoNC3mrwgv7/10y2DnznrGYNXGcsbUpy0TSxmVYvHQlNmzfhm2ybF6LZUuXYWOSxtFRD5K/EK9p92HjAExG/Lq1iP2mrg5HCw7vNn7uCsquJPF9zu3E+g9isX539fd1tSTtEo/7QrzK2rAgcctarN1Tu0eTHq2wqGjQ0xU4874hyZtXiFCwwK/3eMQseA7PPfccFj4Zjb5+FiRtjkViI2ph2Fhw+vgJJKfWVTsjCKMfnId582QZjRBZ1WW0sT4PMaOCgOCxmDI5GlNGhapHOI8VqadO4MQZtkucqeS+IbLVoBsENdm3Ki573xBLHJYvi0dayFg8FTNU3RW9RKYFFq8ABHgZ6xcTsHFTPI5ezESB2Q9BYSMxaWIkAlVMJ2Hjy1uRNnA0+qYmIP50Ggo8AxF+1yxMCrc9a+bxbVi/VTTl0wvg6ROIzreMxb1jeonvaTz2lhjMHhWo9k3bvQIrDwRiwm8mIVysJ65ejNgrkZg9rzP2vbwZSdkFEE8CH6+etn0sRxC3JQ4JZ9JgLfKEX8ggRE8ej17qW5d7bZ5DsXDqILmhAolYtTgWyd2j8dwMx32uf42WQ6KlseswUuXP4xeEiDumIHpAAFK3L8OKr1oj+rmZkM+Q+fVarNh1HgFDZiFmhHhsXioSNm5E3CnxWuGDwO6jMWWK/D2mIe4fK7FfhKB4RviI31HkrNkYXXe3y3BZvH1hleppgPNUCtLEl9AB5YJC8nMIikxxEL27DUnpfogYNR6jB7dD5nfbsHJNoujESPnIyhbvil/E43RgBMaOGoQg8ceftD3OaI4fwbaNCUgLGIpps2fjvlGdkXP8KC4VlT7Wai29nXKBVaxnZ4kt5fmiXUigeq2eLTuic0g7UVOAE7u2IcHaGUPvGI/xw8S7f0oC1n6w3xjjMF7bvm2ildQaocEBqrZmyr7GzK9XYcWmRFj8IjA6ajyGBltxeM9+JJdrhWUmbcCKrSfg2e9ezJJBgVTsXLEC21JbI3JiDGImDoJ/ivg9rk8Sr9UTAUEd4ecpdmshwjSkY+nvn+qUe4VFPQ1wWtIzbAvV/PbSRAgkWwMx8sHZiB4RiZFRMzFrWCCsp+IRf87YSQi4ZTpmRo1E5IhoTJAtimzROpEbijJhFQeST4sANBel163RmP14NEJr/K8WipFTI9FOLPn1HItpU0eKGk/0mvgU5onliN690HfENIzuJnZIN763wU+0CubFTMO02260K5GG/fuSYQ0ciZhHojHy1kiMnjoPC+eMR6jDwV0gQ2DTERR0i0bMBPkqhe/ikXDFD4MmitfYLwQh/cZi5t2i7XR8D/ZbAjDorrHo1ULs1z5S/GzRGFSbXKNquVnLon4EtGmtvmaIA6sqZ1PF9pah6GVrgSuBYaEIEIdjWqpRUY6nWR0eNmZxQN0WgoLjsVj56lIsfv4vWLElyWiV3CgrktYvxdK/LMPyf6zA8lf/gp0OAWZX5vXckLNIvSLCp1svOPw6yv0FnkfcmgRYzCEYedegklZb6pnzoh2UicT3FmPxYqOsk62KNKScMnYip3PrsHDaAGd4BPqKd8O0r2KRWO7ILTgej7ijthBp10b8uaefx1nHMcXUNBEVPgjQfPcLGRWDp55diKfmxSB6oB8sX29E7CFj442w7Mee41YEjpiDhb9ZgAULnsLoIGObU4jumXj3z0w9a3RzKiI6Fd0HIdQzBTtXb0OK6m4BQYEynP0QPtk+oFpa7pWDM1Qv3Css2nXHW7MHIsUobw0Tf2S6dTVhDsf4caHwsSYj9u/LsXFXIk6cOYGELSvwl/VxiP9kv/pDDxkYgQBzCuLXxSPFIpr3Z+Kx8pNkoM0gRHY3nqsqRUnY+Pe1SEgpgF9ACCLCO4qYKSvz3ImS594ppysrZRysF5ORKlo8mT4+6rnkOIeNrcvjPKGIHCgSMiUea3adQKp4zSlfrcWKDxxbSqEYPTkaM6dHIsCSgDX2sZ3wQejlk4mkXfE4X+SHgJY+KDi3H/tPecJPdWHEzyabIVdScEKGsREyVLfcrGVRTwOcgt/gmZgzNRIhckDy81isfXcttn2dCs8Q0W9+cLyoFzsFj0XMxHD4pMRh5bJlWPZuHFJ8wjHpwbHQehPP9kZzn/PYtlJ0QUTT+4X3EmENHomR6t20Lwb1FgeN/bnXH4FPe3vDvSIdERoi9j+9EytWrEdi3lCMGxYIy4GVWPyi6I4sfQ+Hs41dnSTojhhMCvdByuciJMRrXrn9BKzi91RQ/uAOGY8pQwJgPbUTHx4QASh+Z9Omj0RIXiI2/O0F0R1biuUbj+B8STfQB6FdRBBZErF2xUrsOmlUU50qmTqVV5zKC8kquz7ErmtwB+x4ZynC7vyFUVN7dT51eukUHv0wHduMVYS0R0qkVa9uQrCxUgvWTFisBfBsEWC805UnetyWTBR4indFNWxfQ3ni+bPl1Kl4/nJNi4JM0UooEt0a8W6rwyoOsAIvh+dRzy3CT7w119XoRLXsP0+lv6/KqZ+3QLQoKni9apvortTqd+yGnDZ1+vRLb6oQsJ+pWVn58oPXsWT5auNRpPiIP9CAqv7w5R+3bCrX8o/Yy3j+CvLAU07VagaF5NOy3POo567HoJDsP08Ng0JSP28lr1dtY1A4TUlYrPpop2otOJ6pWVEJGjZZ7esKnDbASdQElXRDGoLLnsFJ5AJ4BicRNQiGBRFpcVpYFPM2Q0RuxWlhwVsMEbkX57UsihkXRO7ECWEhOiCiByLvpE5E7sMJYWFiUBC5Iad1Q4jIvTAsiEgLw4KItDglLOQAJxG5F6eEhRzgZGAQuRendUNMJqYFkTtxWlgwKojci/NaFjzhm8itOC0siMi9MCyISAvDgoi0lITFjHvuUJ/wXdGH9P55wWPGXkTUVJWExbNzZqpbAZT/gF4poJUfVjz/lFomoqapJCy6depQ6T1DHl30CkwmEwODqAnTHrNgYBA1bVph0crfV31lYBA1XdWGxfPLV+PC/n+XDHbOvGcsZk0cZ2wloqZCKywqGvQkoqZFe8yCiJo2hgURaWFYEJEWhgURaWFYEJEWhgURaWFYEJGWkrCwpGeia3AHY61ycp/TP1Z8DQkRuS+Td/871cdlyjMzF82ZoS4oq4oMladfehOrPtpp1NTeiAmT8cnSR4w1IqpL+44ko0/H9sbajSsJi4bAsCBynroOC45ZEJEWhgURaWFYEJEWp4VFMW8zRORWnBYWvMUQkXtxXsuimHFB5E6cEBaiAyJ6IPJO6kTkPpwQFiYGBZEbclo3hIjcixlFhaizUlxkFDkTwtkQIndiLs634oZLgVHUcp4IjgJbYDA0iNyGye+u39fd0SxaFUWZl1F4+TSK83Jg8mgmvoPo6agxjOsHMnhtCJHzNO5rQ0QwmP3boVm3SJiaeYvsEF0T2bJQccQWBpErc9oAp0dgN9EdyVetjdLAICJX5bSwMDVvBRQWorhkwFNiYhC5KueFhaePyAg5SyJbFhKDgsiVOS0slJIuiBEUzAsil+XksLAHhUNgEJFLqpew4OXqRK6vJCymjxmIs+sWIiN28XXlxUfGG3vVlL1VYVsjItdVEhYLp4/B8HnL4R/9XJkiBfj54I3596rlGmHXg8htlIRF1w4BOHPRYqyV9firH6orSWsVGETkFrTHLBgYRE2bVli08vVRXxkYRE1XtWHxp7VxSHEY+Hzgp4Mw445BxlYiaiqqDYsX1sRVOOhJRE2L9pgFETVtDAsi0sKwICItDAsi0sKwICItDAsi0sKwICItJWFhybKiS/sAY61ycp8fLlR8DQkRua+SWwHIMzN/N220uqCsKjJUfvvWNrz/aaJRU7ncg7EwefsCHl4wmT3Up3873tuQtwIgcp66vhVA3d43pByGBVHDadz3DSEit8WwICItDAsi0uK0sCjOzykzPkFErs15YZF1xTagWcENkYnI9TgtLApSj5XOfjAviFxenYZFcUEeCq+cQe53O1Gcm2VMl5pEVjAtiFydyaNd9zo4z0LEgWpBiOwxe4onbQZ4esEkiloXBWajS8LzLIjqRZ2fZ2Fq5qNuYlzjIh/nUFCy7G0LCg8REKobYnRFJDYwiFyW2eTprQ7wGhf5uJJitCJkEa0KFRSqNeEhcsLe02FSELkyszwVuy6KSRUZFKIL4hgUqntiDwoGBpGrMtsP8FoXT1lkYIiQkEUERbHJU+SD47UgMjBs35CIXJNoWRgHeW2LWRbRkhBdDzmQKYvZw0MEhgwIx6BgWhC5MrOc3qyTYm9JyFkPERJqdoRBQeQ2zOoAr8uiAsIkWhZyUf1Pfh8icnEiLGwHd50WERCmuj3fi4gaGI9oItLCsCAiLQwLItJSbVi0am5Gv6BmxhoRNVXVhsWgYC/07+CJwZ080IztEKImq8zh7+ftAX8fD2PNZnyYF65lF6JXaxOmD5AzHUTUFJUJiweGtEPP9t7GGlRLYkIvMy5lFuDg+QIsHJqHAB+n3TmAiBqxkrAwi0bD+H5+uCKCwW5U92aiRVGA1iIgcvKL0cU3F78fkmVsJaKmpCQswoObI6KDByw5pWHx6C1m5OfmoLV3IWZF5OFCuhWP9b+KmwJzjT2IqKkoCYtJA/zQrDgP2blFar13oOiCdC/EtaxcfH0emNIrC22b5cCzyIq/DE2BCeyOEDUlKixkF+TnA3xwJSML+baswPyfmOBZnIPMnDykZpmQnp0nwsQKFFoxPPAKftHzgm1HImoSVFjcFOyFXq2LcemarXvRu20xHuibDxRYkW3NRU6BCVnWfBTm5uHfx1sgJ0e0LgYmoaOPCA8iahJUWNwb3kwEwzWkXrMNXv7PyHz44CqQfw1ZomUh5eVlw6MgHYX5+YiIvRXvp3TDw13PqG1E5P7Mcnp0zMA+OJHbG2h3M+aO6457e1tx3u92XPaNxFVrHob0CYJ36DhYPVtjUuAZzBwzAHv9H8DGzMHG0xCRu/O4fUi/P6YX9cWHh3xwMTsA1kwP9Igchl+9l49vrnaAKTgUzX16Y92XXjho7oINV8KQnt0VP5y4gvBbb8LBoyeNp6q5Lr36YdZYBg6RM5xNsyDQ39dYu3Hmth174NtjFzBkSFd06d4aKecs+DY3HMW5GRCNCli9b8ahxOPoEWTG3tO5COk5Bq1b+aJTh5Zo5c1rRoiaCnNw5zBkZWXjZNIPuHjmEn4ybiCOHj2OiIjuCGzjj9PHTuGmAT3RNrgtJo4ehrjYeAQFtUFmlhW+3qVnexKRezO39vRGSEh7HM+8hPf3fo53Nm3H2e9T4R/oj2veBeg/pDeSk8/h5oje+PG7H3FH1K3IMhWgZUtfmPJ5rgVRU2HO8yxCcL+O2P3VQVxNz4CPtxdC+nXC16eSsfLf2/He5p2IGB6GHy5fQoeeHbDz8EG8+O6/0Kl/JxQ2Lzmni4jcnMm7/50N1jzgvU6JnKfO73VqfCUiqhLDgoi0MCyISIvTwqKYV6USuRWnhQU/gI/IvTivZaHuX0hE7sIJYSE6IKIHou5iSERuwwlhIe+gbiwSkdtwWjeEiNwLw4KItDAsiEgLw4KItJhmPf0np5099a+tu42livFCMiLnqesLyXjVKZGb4lWnRNQgGBZEpIVhQURaGBZEpIVhQURaGBZEpIVhQURaGBZEpIVhQURaGBZEpIVhQURaKg2LJ2dONJaIiKoIi5efedxYIiJiN4SINDEsiEgLw4KItDAsiEgLw4KItJiKBWNZ229e+jv+tmqTsVZ7/Fg9Iuept8/gtCZth094lLHmHAwLIufhZ3ASUYNgWBCRFoYFEWlhWBCRFoYFEWmpNCzk9CgRkV2lYVEX51EQkftgN4SItDAsiEgLw4KItDAsiEgLw4KItDAsiEgLw4KItDAsiEgLw4KItDAsiEgLw4KItDAsiEgLw4KItDAsiEgLw4KItDAsiEgLw4KItDAsiEgLw4KItDAsiEgLw4KItDAsiEgLw4KItDAsiEgLw4KItDAsiEgLw4KItDAsiEgLw4KItDAsiEgLw4KItDAsiEgLw4KItDAsiEgLw4KItDAsiEgLw4KItDAsiEgLw4KItDAsiEgLw4KItDAsiEgLw4KItDAsiEgLw4KItDAsiEgLw4KItDAsiEgLw4KItDAsiEgLw4KItDAsiEgLw4KItDAsiEgLw4KItDAsiEgLw4KItDAsiEgLw4KItDAsiEgLw4KItDAsiEgLw4KItDAsiEgLw4KItDAsiEgLw4KItDAsiEgLw4KItDAsiEgLw4KItDAsiEgLw4KItDAsiEgLw4KItDAsiEgLw4KItDAsiEgLw4KItDAsiEgLw4KItDAsiEgLw4KItDAsiEgLw4KItDAsiEgLw4KItDAsiEgLw4KItDAsiEgLw4KItDAsiEgLw4KItDAsiEgLw4KItDAsiEgLw4KItDAsiEgLw4KItDAsiEgLw4KItDAsiEgLw4KItDAsiEgLw4KItDAsiEgD8P8B3Q3R0KcdYIUAAAAASUVORK5CYII=\" alt=\"\"></p><p>este es el problema. El servidor esta completamente en el piso, seguramente tuvo algo que ver el temblor de esta mañana.</p>', '2022-06-05 02:53:34', 1),
(12, 1, 1, '<p>Okey, yo espero.</p><p>Muchas gracias</p>', '2022-06-05 03:02:39', 1),
(13, 1, 1, '<p>Prueba para los cambios del estado del ticket</p>', '2022-06-05 15:37:32', 1),
(14, 4, 1, '<p>Hola requiero que s eme atienda el ticket ya que llevo una semana sin poder trabajar</p>', '2022-06-05 15:38:21', 1),
(15, 4, 1, '<p>Hola, por favor requiero de su apoyo</p>', '2022-06-05 15:38:34', 1);

-- --------------------------------------------------------

--
-- Estructura de tabla para la tabla `tm_categoria`
--

CREATE TABLE `tm_categoria` (
  `cat_id` int(11) NOT NULL,
  `cat_nom` varchar(150) COLLATE utf8_spanish_ci NOT NULL,
  `est` int(11) NOT NULL
) ENGINE=InnoDB DEFAULT CHARSET=utf8 COLLATE=utf8_spanish_ci;

--
-- Volcado de datos para la tabla `tm_categoria`
--

INSERT INTO `tm_categoria` (`cat_id`, `cat_nom`, `est`) VALUES
(1, 'Hardware', 1),
(2, 'Software', 1),
(3, 'Red', 1),
(4, 'Petición de Servicio', 1),
(5, 'Incidencia', 1),
(6, 'Otro', 1);

-- --------------------------------------------------------

--
-- Estructura de tabla para la tabla `tm_ticket`
--

CREATE TABLE `tm_ticket` (
  `tick_id` int(11) NOT NULL,
  `usu_id` int(11) NOT NULL,
  `cat_id` int(11) NOT NULL,
  `tick_titulo` varchar(250) COLLATE utf8_spanish_ci NOT NULL,
  `tick_descrip` varchar(9000) COLLATE utf8_spanish_ci NOT NULL,
  `tick_estado` varchar(15) COLLATE utf8_spanish_ci DEFAULT NULL,
  `fech_crea` datetime DEFAULT NULL,
  `est` int(11) NOT NULL
) ENGINE=InnoDB DEFAULT CHARSET=utf8 COLLATE=utf8_spanish_ci;

--
-- Volcado de datos para la tabla `tm_ticket`
--

INSERT INTO `tm_ticket` (`tick_id`, `usu_id`, `cat_id`, `tick_titulo`, `tick_descrip`, `tick_estado`, `fech_crea`, `est`) VALUES
(1, 1, 1, 'Problemas LapTop', 'Tengo problemas con el encendido de mi laptop', 'Abierto', '2022-06-05 07:32:49', 1),
(2, 1, 2, 'Impresora', 'La impresora no puede imprimir', 'Cerrado', '2022-06-05 07:33:47', 1),
(3, 3, 6, 'Impresoras', 'Las impresoras singuen sin poder imprimir', 'Abierto', '2022-06-05 07:34:28', 1),
(4, 1, 3, 'Internet', 'No podemos acceder a la pagina del instituto', 'Cerrado', '2022-06-05 07:35:29', 1),
(5, 3, 4, 'Reunion', 'Solicito que se me agende una reunión para el día de mañana a las 3:00pm ', 'Abierto', '2022-06-05 07:36:07', 1),
(6, 1, 6, 'Test', '<p>Test para resolver el problema de la BDD</p>', 'Abierto', '2022-06-05 00:54:41', 1),
(7, 1, 5, 'Problema Impresoras', '<p>Hola que tal, las impresoras aun siguen sin funcionar, ya llevan una semana así</p>', 'Abierto', '2022-06-05 00:58:24', 1),
(8, 1, 3, 'Sin acceso', '<p>Requiero de su apoyo, ya que al momento de estar navegando, no puedo acceder a la plataforma institucional:</p><p>Adjunto pruebas del error</p><p><img src=\"data:image/png;base64,iVBORw0KGgoAAAANSUhEUgAACqYAAAMACAYAAABMikSdAAAgAElEQVR4nOzde1xU950//tcAIjACAwg6KuiAGIlKymUjadTEWyR5hFQ3CaW4yS/GxjS1jTbbLImm2d+60ZRN29WmNs2FJJs0ltikNiVrTExM46VRV6BBrSgCiugoyN3hJjDfP86cM+fMnLkAMwzg6/l45BGZc+ac97nM7X3e5/3RjLv3Z2YQERERERERERERERERERERERERERENkp+vAyAiIiIiIiIiIiIiIiIiIiIiIiIiotGBhalEREREREREREREREREREREREREROQRLEwlIiIiIiIiIiIiIiIiIiIiIiIiIiKPYGEqERERERERERERERERERERERERERF5BAtTiYiIiIiIiIiIiIiIiIiIiIiIiIjII1iYSkREREREREREREREREREREREREREHsHCVCIiIiIiIiIiIiIiIiIiIiIiIiIi8ogAXwdARERENNLkLvoW8tfcA502yG7a9o++xjNvfOKDqIiIiIiIiIiIiIhGjqiwENw0JRoTI0MxLjgQANDW0YXLDW04XVuPxrYOH0dIREREREQDpRl378/Mvg6CiIiIaCQ58cZTuGfDm6ipa1Y83la0Ce99UQqzGXhi2y4fRUdEREREREREREQ0fPn7+SEjKRYzpkQ7ne/0hXocLq9BXx8vZxMRERERjTR+vg6AiIiIaKSZOkFnV5Qq+sHWXdBogFfWrRjiqIiIiIiIiIiIiIiGN38/P9yVNl0oSu3rQ0/1WXQd/BKdn/wFnbs/QteBfeiprAD6+nBTbDTuSkuEn5/G12ETEREREVE/sTCViIiIyMNYnEpEREREo8U7ed/F7i2Poq1oE9qKNmH3lkfxTt53fR2WqraiTVi5OMXh9JWLU9BWtGkIIyIiIiIiWxlJsZgYGQZzZwe6DnyJnpPHYW5uBnp7gb4+mFta0HPqBLr/72sAgD4yDHNvivVx1ERERERE6hZ+KwE5C2/Bqsx0rMpMR87CW7DwWwm+DkvVAwvmIDI02OH0yNBgPLBgjsfWF+CxJRERERERwrVBaDF14gdbd+F361fglXUr8MS2XW4/v7ZwA85facLt616xm3ay4CkAwKzVv/JYvM4U/PQBzIyNVo3FlUPbnoBuXLDHYz207QmUX6jH6l984NFlTp0QgSk5WxSP1xZuwIaCPXhnb4nH1uWuohcewZ23xNs9vvOrMsyMjXa5b9uKNiE063lvhkhEREQ3iIfz37d77MXvZ+KdvO+qTvMl8Ts4ALz3Rali2srFKfjd+hX4wVb3v5sTERERkWdFhYVInVK7jxyCua0N8PdDgGE6/GImAhoN+uouo/dSLcbMvkV63sy4GJyurUdjW0e/17lycQqOlteg4mIDVi1Lx1ufHvPkJg2ZlYtTEBjgL/09Urejv+67LQlRYVrp74ZWE/7y9SmvrW8knyNERETkG1/+vdLusXlzpmHhtxJUp/nSvtKzWJQyHftKz9p9t44MDZameQoLU4mIiIg85MU/fInawg12j/enMBUAkuP1eHhpqqIg8uGlqYiL0aGmrnnQcQ6FqRMi0GLqtNuO4SpcG4SiFx5B1nNv+zoUAJDieHhpKraszrQrmvW0ohceUayXiIiIbmyZ/zQD//rAAmTcHKd4/OuT5/GrDw/g2Tf2YPeWVT6KzjGxGNW2OFVelGpbsEpEREREQ+emKdEAgL6mf8DcdQ3w0yAwYx78IqKkefwiIhEwIwnQaBTPnTFlPA6fujCk8Q43B09Uo+JiAxYkG/DAgjn4YP9xX4fkVSsXp+Bqi0lRKHrfbUk+jIiIiIhIMHWCDgvmGBAgu3EIAK739OLA8WocPH4O370z2UfROdbY1qFanCovSh3IzWCOsDCViIiIyEO27PgSW3Z8qXhsIEOFllUZ8eAdyYqCzgfvSEZZlRG6cY5b6w8Xmx65C+evNKGxrcNuO4arnV+VIfuO5BFTSEtERETkTU/dPw9L895QnfZZ/mrs+b8zmD/HMMRRuce2OFX8N4tSiYiIiHxvYmQoAEDTW4HAm5rQ132ToihVYlOUCgD6qHAAN3ZhqsjU0Q3ofB2Fdy1Ln4GrLSZ8euyM4nFvdkslIiIictf82Qa8+7l6rvFfFqfg/JVShIwNHOKo3GNbnArAK0WpAAtTiYiIiIadL0or8WhmuuKxO2+Jx39/eBD3z58tPSYf7r2mrlka2v1kwVOIixEykzu/KsPqX3yAQ9ueQHK8Xnquo2He5c/96zdVTqc56q65OCUB5Rfq8dU3VdiyOhOA0Plz+5PLsfbXf5YKPw9tewLlF+oxMzYa5RfqsfoXHygeF/8Wi3tbTJ04f6VJWo8721T0wiOIDA3G7eteQVvRJsX6be38qgx5OXeqTq8t3IANBXukafK/Nz1yF35y/zxFHIe2PYHGtg5pH2165C48mpmOKTlb7OYXj5G7bLubyvdDWZURt697RTF/W9Em6XG1WOXnkat9RERERDeG22ZNczzt5qlDGMnA2BansiiViIiIaHgYFyxcnDf3NAEBfQiYoOzQ/3Fpj91zJoRr8E/x/ggNdu/CflriZClX1tBqspu+INmABL1QDHupoVUqfJQ/D4DUpVM+PyDk37TBgYjRjVN0LF21LF3qaLpqWbpi/uKKi1iWPgMAMCkqbNDD0U8eH4a65msAgMTJUbh1Zpz0fdf2b3ks8o6r4jZ19/TivS9KVbfTnbgTJ0dh3myD3ToeWDAHocFjFesAIC1vfLgWgQH+imly48O1OFpe43Q/LEufgUlRYXbrdjVNvq0NrSaEhgThaHmNNF1t+W0dXaO+Qy0RERG5b4xNp1R3pw0X8uJUAF4pSgVYmEpEREQ07Jy9eBUtpk5seuQuPP/2Zyj46QN2RaIFP30AkaHBUjFm0QuPoOCnDwAAmq91SEWqInmxYtELj6gOW39o2xOK59YWbpAKQQ9tewKHT9Uoil8ddRdNjtdL68vLuVPajsfvnYs7bomXnjN1QgRuX/cKDm17wuG+qC3cIBVuisWt5Rfq3d6m/lj9iw9wsuApFPz0AbcLRR9emopHM9Ol47DpkbtwaNsTePXjI1JRLiAU63567AweXpqKn9w/T1H82Va0CRevtuL5tz/rd8zivnNUaGy7/9RivX3dK3bFrkREROQZ7nbPd/RZPpwdOF7t6xCIiIiIaMQzu5yjr8/9pSVOjkJyvF5RgBkVplXMo9MGSUWnq5alIy1xMlrbOzEzLkZ6PC1xMu67LQl/+foU9pdVY39ZtfS4QR+JD/Yfx8rFKUicHCWtp6HVhIqLDVi5OEVRBLlycQqKKy4CEIo75cPS99e82QbMm21Ad0+vW4Wt992WhEpjgxQ/IBRlxkbr7OJQ205XcYtFqfLtFdfbfb0Hb1kKOZelz8ADC+ZIhZ2TosIUBawLkg2KGEXyZYoFtvJC2vHhWsUxmzfbIB0PR9MSJ0chQR/l9BwR99PYMf7SMpalz3AYJxEREQ3cKptmTY68tWfg36F8pb3ruq9D8DkWphIRERENQx8eOIH758/G829/hmXpM7ChYA+mTx4vTZ8ZG43keL2i2KGsyohXPz6C7DuS7Yo0xaJOkW2hKyAUim4o2CP9/emxM5gZGy1NS47XI/uOZGm6vMhUVPDTB1BWZZT+PnyqBotTEvD820InWLHja8FPH0Dp2UtO98HDS1MBQCoSfWdvCR6/d26/tkm+D9wp+Mgv/Cu2P7nc7cLUO26JR7g2SHEcWkydeGdviaIoVyzWFfePfL/99ZsqpEyf5Nb6bNkeM7mTBU/h02NnpG1xFCsRERF5z0gsOHXX1ZZ2X4fg0MrFKfjd+hX4wdZdAKydU9k1lYiIiMi32jq6oNMGo8cvFOZeE4ztzZgWZO2aem+K9dJ1ybleXGoyQ2yU2tre5XL5ektXT7GgcX9ZNWKjlWPeyws6LzW0Yny4FtrgQAQG+Cu6i3b39Er/Xrk4BYGWzldtHUIcV1tMiNcLhakxunGoNjYicXIUAgP8pQJSUeJka4dWNY66jtoSH0+cHIVVy9JdFrk2mzqRoI+CqaNbKjLVaYNwob5ZdX617XQWt+3+FokdSEWfHjuj2LeXGlql57S1dyE4cIzq8sXCX0DoYCt2g1XbjuKKizDoI5GWONnpNG1woMtzRFx+VJhWEbdaB14iIiIanJFYcOouscP9cBQZGoxFKdOxr/QsAEj/9nTXVBamEhEREQ1Dz7/9GR7NTEfBTx+QCh03PXKXYh5HQ8C/s7cERS88graiTdj5VRm++qYK259cruiu6oizIdzdGeI9IykOcTE61e5gz7/9Ge6fPxsPL01FRlIc8gv/6nRZgOPCSbEo1Z1t6o939pbgQUthr7tFm2VVRkX3VpFYlDt5vH3HW1ve+GESrg2SCotFjmIlIiIi6q+H89/3dQiq5EWp8kJUFqcSERER+d7lhjbotMFoDZqBo41GdHfVYVxIE8YHRSjma24343Kz0E01JsxPeG5jm1vr6Lre63ommY5uoZOV2jD1gPD9srymDsUVF6VOogBQZWzArTPjpKLT4oqLSJwc5XBo+njL0PFqKi42qBaiOptfvm5HxC6oDyyYI3WSdcTRdnqKvNDXHW3tnVLhb3+0tndiMsIcTtMGB7p9jth2myUiIiLqjy//XunrEFTJi1LFQtR9pWe9Upzq57ElEREREZFHlZ69hOw7kvHhgRN208ov1GNZ+gyHz8167m3s/KpMKkyUF1k66s7ZYupUFHjKl3/+SpOiW6mah5emIi5Gh9Cs5xX/1dQ1o+CnDwAQijXF5YhFro1tHYoCyuR4vTQ9LkYnFeQ+vDRVmubuNhW98Ig03H1b0SapC6szWc+9jTst3UXl67rjlngAwKZH7pKmffVNFZLj9arLXf2LD5Acr0dGUhz++FWZw/nvvCUeX7koXHXE2XGZkrMFunHB0jF1Fmtd8zVEhgYPKAYiIiIafb7+x3nH006eG8JI+sdRUep7X5TiB1t34XfrV2Dl4hQfRkhERER0YztdWw8AiAyfg7FjwtFnNuPQpRKcaKjA1Y4mXO1sRnlTFb6+WI4+cx/CQ4CJOo3w3Av1Lpdv6ujGpChrUeKCZIPUAVT+GCB045wUFQZjQyuMDa2ICtM6LPRsbRfykJPHW5ddcbEBXdd7cEvCJOmmc7GIUlyHt4idWcWC1sAAfyl2tQLYD/YfR0OrCfqoMDSbOlU7hALq2+mMo/3W1t6JpLgY6e9l6TPQ1t6/kZtO1dRhUlSYw31pux1piZMxdkwAKi42OJ3mzjmitnwiIiIiue6ePofTrvfzhpyhpFaUCgjX68XiVE9eM2bHVCIiIqJhKuu5t1FbuAHPv/2Z3bTVv/gAh7Y9oehM+t8fHsTk8WHIviNZekzsKJqXc6c0b1mVUXV9s1b/Cm1Fm6T5/vpNlfTF8/Z1r6C2cINifbZD0z54R7Lqsg+fqkFGUpwUt9jJVb6d8vXKl/HfHx7ET+6fh5/cPw8tpk5p2jt7S9zapoHa+VWZYj9+eOAEfnL/PGTfkYyaumapKPadvSW445Z4bH9yObY/uRyAsN+ynntbiks3Llgqwn1nbwmmTx6vmP+/PzzoshOtI7evewUnC55S7Ad5R9RZq3+F2sINqC3cgCk5WxzG+tU3Vci+IxltRZvc6oxLREREo9uvPjiAz36+GrfNmqp4/PA/avDLD/b7KCrX1IpSReJjv1u/gl1TiYiIiHyksa0Dpy/U46bYaHxbn4K/GUvR0n0NZ5rP4Uyz7AYoPyA8ogfpk+YAEIoUm6657txUXHER48Otw683tJrsOnXqtEHS9EqjtVOpPioM82YbMG+2UAh5qaEVnx47g6stJulx26Hc65qvIUEfhQ/2H5ceO1peg3mzDUiwFIi2dXQppg+GPD5599NLDa2qMd53WxKiwrRSHGL3z2XpM6R9IHZ4dbadjlRcbEBYSJBdXH/5+hQeWDBHWsdA9oFYdLtqWbq0LwHhmAFCN1j5dgDAW58ecznNnXNEXMZ9tyUpllFWZURxxcV+bQcRERGNTgdPVOFflqRgjM0NLj09vdh/fPh2XHfWFVVenOqp76+acff+zOyRJRERERHdINqKNtkVZXpi3huFWCRJRERERERERERENxY/Pw3uSkuEPjIMfeY+VLfWoqbNiNZuoevouMAQTNFOREJ4HAL8/GFsbMVnxRXo6+MlbfKOVcvSpcJVIiIiIvIcdkwlIiIi6qdmUyfiYnSoqWt2Ol9cjA7nrzif50ZT9MIjKD17yddhEBERERERERERkQ/09ZnxWXEFMmbG4abYaCSExyEhPE513lM1dTh6+gKLUslr7rstCW0dXb4Og4iIiGhUYmEqERERUT898/on2L3lUUydoHM6X7OpE8+8/skQRTX8tRVtQoupk91SiYiIiIiIiIiIbmB9fWb87R/nUX6hDjOmjIc+KhyhwYEAgNb2LlxubMPpC/VoumY/xCjRYK1ali79u7unF+99UerDaIiIiIhGL824e3/GW8yIiIiIiIiIiIiIiIiIiIiIiIiIiGjQ/HwdABERERERERERERERERERERERERERjQ4sTCUiIiIiIiIiIiIiIiIiIiIiIiIiIo9gYSoREREREREREREREREREREREREREXkEC1OJiIiIiIiIiIiIiIiIiIiIiIiIiMgjWJhKREREREREREREREREREREREREREQewcJUIiIiIiIiIiIiIiIiIiIiIiIiIiLyCBamEhERERERERERERERERERERERERGRR7AwlYiIiIiIiIiIiIiIiIiIiIiIiIiIPIKFqURERERERERERERERERERERERERE5BEsTCUiIiIiIiIiIiIiIiIiIiIiIiIiIo9gYSoREREREREREREREREREREREREREXlEgK8DoJGvr7sD5s5WoLcHMPf5OhwiIiIiIiIi8gSNH+AfAE1QGPwCg30dDRHRqMO8KhEREREREdEIxvwpkVPsmEqD0tfdAfO1q0BPN5OnRERERERERKOJuQ/o6Yb52lX0dXf4OhoiolGFeVUiIiIiIiKiEY75UyKnWJhKg9PZ6usIBsTs6wCIiIiIiIho2OBvRDeM0N//RETD1gh9X+VnJhERERER0Y2HvwXdMEJ/5xN5U4CvA6CRzdxz3dch9JsZgMbXQRAREREREdGwoQF/K7oyEn//k3smRWixYLYed8yMxv4vv8TRrz5HyNixMIfGIPGmmRg7+WYcKL+Ciw3XfB0q0agyEt9X+VlJRERERER0Y2L+1LWR+Duf3MP86cCxMJUGaeTdF8EPSiIiIiIiIrLF34qujLzf/+TcpEgt/uW2WCxKioIZvSgpLsa7v/0V5t2cgLSpkxAcGoSvDhZh/rJu/OmnOfi42IiCfWdwqZEJViLPGHnvq/ysJCIiIiIiunHxN6ErI+93PjnH/Ong+QfOuOP/93UQNHKZO9iKmoiIiIiIiOhG4Bcc7usQyEMWJ8di/SI9wrtqoQ3VITIyAoXvf4hpwX74z+8/hHmpqZikj8GS276Fv58oR0xsLG6aMBbfyYjHxebrqL7CfBDRYDGvSkRERERERDS6MH86ejB/6hksTKVBYQKViIiIiIiI6MbAxOrokPVPBqy9U4/mhjqM8dMgPHI82kzXUHb0KLoamtDT2YVAXMfWN95D7NQ4hEVE4XLLNcyYMR09nSbcMTMSrT1jUV7b6OtNIRrRmFclIiIiIiIiGl2YPx0dmD/1nIChXNnKxSl474vSoVxlv8XF6PDD+27D/DnTkByvBwCcv9KMjw+fwm//8jVq6poBALWFGzAlZ4svQ1WYY5iIP2zMBQB8b/MOHK++7OOIBic5MQ73zk/BgpSZSE6MAwCUVdRgf2k5Pj5QirKKGh9HSERERERERGS1blkSTl5sxucnjD6LYclsIY/hyxgGStt7HS+V78Giq5Wq0/eNT8DTMzNh8h8zxJG5JzleyMuEa4Pw+89L8cwbn3h8HXOT4nDk1ODyIXd/KxarMmJwzdQOjV8A/M3XYTab0dnVhVmGKQiJCkXCpDhM1E/EYytzMNUwBVWNrTjV2Ibunl70wQ+d7R3410wDWkwd2FdW66GtI1eYV/We0ZZXBYDwcSH4rye/h6wFqdCFhuDd/z2If/v1H9Byrd3XoREREREREdENivnTwWH+1DXmT4cfv6FYSbg2CIe2PYH5c6YNxeoGLP+xu/HJi49CowF+sHUXQrOeR2jW83hi25/Q2t6JT158FD///t0AhG0aLu7NmInC53LxzBu78cwbu1H4XO6w39fO/Cj7Lnz6m2egC9Vi85sfIemBp5H0wNPY/OZH0IVqsfPnT2Ltg0t9HSYRERERERGR5H8OVCIhJhRrFiYiaIz/kK8/PiYU6YYopBuiEB8TOuTrH4xxvd148/guh0lVAFh0tRJvHt+Fcb3dQxiZ+/6wMRd5r3+CWat/hVsS9Jg/x+DrkOxMjgrFvy1PQXRkBKZMmoL4afGInzETUVExmBAzBQvSUjBvzs2oLD+Dixcu49bUNOj1CQgP02FqXCw0mjHw8/PDmDFj0dXVgafvnYlJkeN8vVmjHvOq3jXa8qqi1577PnRhWmT+OB8z738aujAtXlqX6+uwiIiIiIiI6AbG/OnAMX86NJg/9TzNuHt/ZvbmCsK1Qdi9ZRWOV1/GD7bu8uaqBuVvv/4hyqqMTmMM1wbhkxcfRfO1DsyfY0Bo1vNDGKG6lYtTkP/Y3bj72Telu/nnGCbikxcfRd7rn3i9k0Jv4wWPLu/9nz8J3bgQPPbCG6i5fFV1nriJ4/H6c99HU5sJOc++7NH1ExE', 'Abierto', '2022-06-05 01:07:20', 1),
(9, 3, 3, 'Servidor Caido', '<p>Ayuda, el servidor esta tirado en el piso.</p>', 'Abierto', '2022-06-05 02:49:55', 1);

-- --------------------------------------------------------

--
-- Estructura de tabla para la tabla `tm_usuario`
--

CREATE TABLE `tm_usuario` (
  `usu_id` int(11) NOT NULL,
  `usu_nom` varchar(150) COLLATE utf8_spanish_ci DEFAULT NULL,
  `usu_ape` varchar(150) COLLATE utf8_spanish_ci DEFAULT NULL,
  `usu_correo` varchar(150) COLLATE utf8_spanish_ci NOT NULL,
  `usu_pass` varchar(29) COLLATE utf8_spanish_ci NOT NULL,
  `rol_id` int(11) DEFAULT NULL,
  `fecha_crea` datetime DEFAULT NULL,
  `fecha_modi` datetime DEFAULT NULL,
  `fech_elim` datetime DEFAULT NULL,
  `est` int(11) NOT NULL
) ENGINE=InnoDB DEFAULT CHARSET=utf8 COLLATE=utf8_spanish_ci COMMENT='Tabla Usuarios';

--
-- Volcado de datos para la tabla `tm_usuario`
--

INSERT INTO `tm_usuario` (`usu_id`, `usu_nom`, `usu_ape`, `usu_correo`, `usu_pass`, `rol_id`, `fecha_crea`, `fecha_modi`, `fech_elim`, `est`) VALUES
(1, 'Alan', 'Daniel', 'alan_daniel@dominio.com', 'Ad316157270', 1, '2022-04-26 03:13:02', '2022-04-26 03:13:02', '2022-04-26 03:13:02', 1),
(2, 'Aaron', 'Velasco', 'a_velasco@dominio.com', '987654321', 2, '2022-04-26 04:47:05', '2022-04-26 04:47:05', '2022-04-26 04:47:05', 1),
(3, 'Juan', 'Manuel', 'juanmanuel@dominio.com', '123456789', 1, '2022-05-31 07:26:06', '2022-05-31 07:26:06', '2022-05-31 07:26:06', 1);

--
-- Índices para tablas volcadas
--

--
-- Indices de la tabla `td_ticketdetalle`
--
ALTER TABLE `td_ticketdetalle`
  ADD PRIMARY KEY (`tickd_id`);

--
-- Indices de la tabla `tm_categoria`
--
ALTER TABLE `tm_categoria`
  ADD PRIMARY KEY (`cat_id`);

--
-- Indices de la tabla `tm_ticket`
--
ALTER TABLE `tm_ticket`
  ADD PRIMARY KEY (`tick_id`);

--
-- Indices de la tabla `tm_usuario`
--
ALTER TABLE `tm_usuario`
  ADD PRIMARY KEY (`usu_id`);

--
-- AUTO_INCREMENT de las tablas volcadas
--

--
-- AUTO_INCREMENT de la tabla `td_ticketdetalle`
--
ALTER TABLE `td_ticketdetalle`
  MODIFY `tickd_id` int(11) NOT NULL AUTO_INCREMENT, AUTO_INCREMENT=16;

--
-- AUTO_INCREMENT de la tabla `tm_categoria`
--
ALTER TABLE `tm_categoria`
  MODIFY `cat_id` int(11) NOT NULL AUTO_INCREMENT, AUTO_INCREMENT=7;

--
-- AUTO_INCREMENT de la tabla `tm_ticket`
--
ALTER TABLE `tm_ticket`
  MODIFY `tick_id` int(11) NOT NULL AUTO_INCREMENT, AUTO_INCREMENT=10;

--
-- AUTO_INCREMENT de la tabla `tm_usuario`
--
ALTER TABLE `tm_usuario`
  MODIFY `usu_id` int(11) NOT NULL AUTO_INCREMENT, AUTO_INCREMENT=4;
COMMIT;

/*!40101 SET CHARACTER_SET_CLIENT=@OLD_CHARACTER_SET_CLIENT */;
/*!40101 SET CHARACTER_SET_RESULTS=@OLD_CHARACTER_SET_RESULTS */;
/*!40101 SET COLLATION_CONNECTION=@OLD_COLLATION_CONNECTION */;
